CME,t0,dt0,pa,da,v,dv,minv,maxv,halo?,datetime
"<a href=""CME0144/CME.html"" target=""_blank"" >0144</a>",2025/02/28 19:12,01,158,014,1812,0839,0336,1952,,2025-02-28 19:12:00
"<a href=""CME0143/CME.html"" target=""_blank"" >0143</a>",2025/02/28 18:00,00,037,012,0459,0168,0182,0625,,2025-02-28 18:00:00
"<a href=""CME0142/CME.html"" target=""_blank"" >0142</a>",2025/02/28 17:24,01,224,062,0304,0095,0106,0452,,2025-02-28 17:24:00
"<a href=""CME0141/CME.html"" target=""_blank"" >0141</a>",2025/02/28 17:12,01,276,146,1157,0241,0624,1615,II,2025-02-28 17:12:00
"<a href=""CME0140/CME.html"" target=""_blank"" >0140</a>",2025/02/28 02:24,01,023,028,0208,0037,0160,0281,,2025-02-28 02:24:00
"<a href=""CME0139/CME.html"" target=""_blank"" >0139</a>",2025/02/27 22:00,04,038,026,0154,0058,0103,0299,,2025-02-27 22:00:00
"<a href=""CME0138/CME.html"" target=""_blank"" >0138</a>",2025/02/27 19:12,04,042,050,0241,0081,0158,0434,,2025-02-27 19:12:00
"<a href=""CME0137/CME.html"" target=""_blank"" >0137</a>",2025/02/27 11:48,01,266,006,0328,0050,0244,0367,,2025-02-27 11:48:00
"<a href=""CME0136/CME.html"" target=""_blank"" >0136</a>",2025/02/27 11:24,03,220,050,0431,0117,0198,0724,,2025-02-27 11:24:00
"<a href=""Flow0027/CME.html"" target=""_blank"" >0027</a>",2025/02/28 23:30,02,312,026,0361,0105,0228,0558,,2025-02-28 23:30:00
"<a href=""Flow0026/CME.html"" target=""_blank"" >0026</a>",2025/02/28 20:12,06,236,054,0141,0194,0103,0651,,2025-02-28 20:12:00
"<a href=""Flow0025/CME.html"" target=""_blank"" >0025</a>",2025/02/28 18:40,01,076,078,1893,0000,1893,1893,,2025-02-28 18:40:00
"<a href=""Flow0024/CME.html"" target=""_blank"" >0024</a>",2025/02/28 08:00,01,032,010,0391,0231,0249,0844,,2025-02-28 08:00:00
"<a href=""Flow0023/CME.html"" target=""_blank"" >0023</a>",2025/02/28 04:36,01,322,018,0260,0020,0224,0290,,2025-02-28 04:36:00
"<a href=""Flow0022/CME.html"" target=""_blank"" >0022</a>",2025/02/27 15:24,01,268,006,0268,0055,0209,0347,,2025-02-27 15:24:00
"<a href=""CME0162/CME.html"" target=""_blank"" >0162</a>",2025/03/31 20:36,01,317,012,0254,0037,0208,0309,,2025-03-31 20:36:00
"<a href=""CME0161/CME.html"" target=""_blank"" >0161</a>",2025/03/31 12:12,01,321,020,0172,0022,0143,0209,,2025-03-31 12:12:00
"<a href=""CME0160/CME.html"" target=""_blank"" >0160</a>",2025/03/31 09:24,01,040,010,0433,0048,0347,0488,,2025-03-31 09:24:00
"<a href=""CME0159/CME.html"" target=""_blank"" >0159</a>",2025/03/31 07:36,03,091,008,0181,0031,0128,0205,,2025-03-31 07:36:00
"<a href=""CME0158/CME.html"" target=""_blank"" >0158</a>",2025/03/31 07:00,04,086,014,0128,0021,0121,0177,,2025-03-31 07:00:00
"<a href=""CME0157/CME.html"" target=""_blank"" >0157</a>",2025/03/31 05:12,01,049,012,0277,0019,0253,0309,,2025-03-31 05:12:00
"<a href=""CME0156/CME.html"" target=""_blank"" >0156</a>",2025/03/30 23:00,02,120,026,0606,0240,0315,1136,,2025-03-30 23:00:00
"<a href=""CME0155/CME.html"" target=""_blank"" >0155</a>",2025/03/30 08:36,04,313,080,0694,0380,0161,1302,,2025-03-30 08:36:00
"<a href=""CME0154/CME.html"" target=""_blank"" >0154</a>",2025/03/30 04:36,01,161,016,0372,0636,0264,1785,,2025-03-30 04:36:00
"<a href=""CME0153/CME.html"" target=""_blank"" >0153</a>",2025/03/30 02:12,02,055,012,0148,0024,0147,0189,,2025-03-30 02:12:00
"<a href=""CME0152/CME.html"" target=""_blank"" >0152</a>",2025/03/30 01:36,01,303,008,1077,0336,0679,1562,,2025-03-30 01:36:00
"<a href=""CME0151/CME.html"" target=""_blank"" >0151</a>",2025/03/29 23:12,02,094,014,0997,0535,0694,1953,,2025-03-29 23:12:00
"<a href=""CME0150/CME.html"" target=""_blank"" >0150</a>",2025/03/29 23:12,02,167,008,0437,0181,0223,0664,,2025-03-29 23:12:00
"<a href=""CME0149/CME.html"" target=""_blank"" >0149</a>",2025/03/29 23:12,01,106,034,0781,0409,0306,1488,,2025-03-29 23:12:00
"<a href=""CME0148/CME.html"" target=""_blank"" >0148</a>",2025/03/29 19:24,01,115,008,0399,0015,0381,0422,,2025-03-29 19:24:00
"<a href=""CME0147/CME.html"" target=""_blank"" >0147</a>",2025/03/29 12:48,02,301,056,0425,0183,0271,0825,,2025-03-29 12:48:00
"<a href=""CME0146/CME.html"" target=""_blank"" >0146</a>",2025/03/29 05:36,01,079,008,0502,0152,0248,0651,,2025-03-29 05:36:00
"<a href=""CME0145/CME.html"" target=""_blank"" >0145</a>",2025/03/29 05:36,04,108,030,0746,0356,0347,1488,,2025-03-29 05:36:00
"<a href=""CME0144/CME.html"" target=""_blank"" >0144</a>",2025/03/29 01:48,02,008,006,0396,0096,0257,0496,,2025-03-29 01:48:00
"<a href=""CME0143/CME.html"" target=""_blank"" >0143</a>",2025/03/29 01:36,01,076,018,0466,0177,0244,0868,,2025-03-29 01:36:00
"<a href=""CME0142/CME.html"" target=""_blank"" >0142</a>",2025/03/29 01:36,01,118,014,0311,0233,0161,0764,,2025-03-29 01:36:00
"<a href=""CME0141/CME.html"" target=""_blank"" >0141</a>",2025/03/28 16:48,02,069,016,0466,0139,0372,0801,,2025-03-28 16:48:00
"<a href=""CME0140/CME.html"" target=""_blank"" >0140</a>",2025/03/28 15:24,09,144,360,1644,0556,0328,1953,IV,2025-03-28 15:24:00
"<a href=""CME0139/CME.html"" target=""_blank"" >0139</a>",2025/03/28 14:04,01,278,054,0267,0201,0164,0637,,2025-03-28 14:04:00
"<a href=""CME0138/CME.html"" target=""_blank"" >0138</a>",2025/03/28 07:25,02,168,006,0121,0043,0107,0207,,2025-03-28 07:25:00
"<a href=""CME0137/CME.html"" target=""_blank"" >0137</a>",2025/03/28 01:37,00,217,016,0216,0044,0138,0275,,2025-03-28 01:37:00
"<a href=""CME0136/CME.html"" target=""_blank"" >0136</a>",2025/03/27 21:36,04,141,064,0351,0129,0190,0694,,2025-03-27 21:36:00
"<a href=""CME0135/CME.html"" target=""_blank"" >0135</a>",2025/03/27 08:01,01,221,008,0156,0007,0149,0166,,2025-03-27 08:01:00
"<a href=""CME0134/CME.html"" target=""_blank"" >0134</a>",2025/03/27 07:36,01,221,012,0133,0016,0107,0160,,2025-03-27 07:36:00
"<a href=""CME0133/CME.html"" target=""_blank"" >0133</a>",2025/03/27 05:36,02,310,010,0356,0072,0300,0513,,2025-03-27 05:36:00
"<a href=""CME0132/CME.html"" target=""_blank"" >0132</a>",2025/03/27 05:36,01,036,010,0278,0052,0183,0345,,2025-03-27 05:36:00
"<a href=""CME0131/CME.html"" target=""_blank"" >0131</a>",2025/03/27 04:25,01,055,012,0228,0014,0205,0244,,2025-03-27 04:25:00
"<a href=""CME0130/CME.html"" target=""_blank"" >0130</a>",2025/03/26 21:26,02,256,030,0338,0108,0147,0569,,2025-03-26 21:26:00
"<a href=""CME0129/CME.html"" target=""_blank"" >0129</a>",2025/03/26 18:12,02,059,012,0286,0498,0123,1495,,2025-03-26 18:12:00
"<a href=""CME0128/CME.html"" target=""_blank"" >0128</a>",2025/03/26 14:01,03,061,052,0332,0110,0171,0520,,2025-03-26 14:01:00
"<a href=""CME0127/CME.html"" target=""_blank"" >0127</a>",2025/03/26 11:01,02,029,024,0262,0030,0246,0339,,2025-03-26 11:01:00
"<a href=""CME0126/CME.html"" target=""_blank"" >0126</a>",2025/03/26 09:49,02,265,052,0410,0055,0332,0519,,2025-03-26 09:49:00
"<a href=""CME0125/CME.html"" target=""_blank"" >0125</a>",2025/03/26 04:36,02,258,022,0297,0034,0258,0385,,2025-03-26 04:36:00
"<a href=""CME0124/CME.html"" target=""_blank"" >0124</a>",2025/03/25 19:49,01,193,040,0416,0218,0195,0892,,2025-03-25 19:49:00
"<a href=""CME0123/CME.html"" target=""_blank"" >0123</a>",2025/03/25 13:25,02,276,050,0411,0111,0227,0712,,2025-03-25 13:25:00
"<a href=""CME0122/CME.html"" target=""_blank"" >0122</a>",2025/03/25 10:12,01,275,032,0567,0149,0187,0744,,2025-03-25 10:12:00
"<a href=""CME0121/CME.html"" target=""_blank"" >0121</a>",2025/03/25 02:36,01,043,012,0946,0063,0844,1041,,2025-03-25 02:36:00
"<a href=""CME0120/CME.html"" target=""_blank"" >0120</a>",2025/03/25 02:12,01,049,012,1488,0479,0710,2016,,2025-03-25 02:12:00
"<a href=""CME0119/CME.html"" target=""_blank"" >0119</a>",2025/03/25 00:00,01,043,008,1358,0320,1077,1953,,2025-03-25 00:00:00
"<a href=""CME0118/CME.html"" target=""_blank"" >0118</a>",2025/03/24 22:24,00,117,012,0781,0170,0521,0880,,2025-03-24 22:24:00
"<a href=""CME0117/CME.html"" target=""_blank"" >0117</a>",2025/03/24 19:12,00,117,012,0763,0387,0606,1488,,2025-03-24 19:12:00
"<a href=""CME0116/CME.html"" target=""_blank"" >0116</a>",2025/03/24 15:45,00,114,018,0744,0066,0662,0892,,2025-03-24 15:45:00
"<a href=""CME0115/CME.html"" target=""_blank"" >0115</a>",2025/03/23 19:48,00,252,010,0271,0027,0240,0325,,2025-03-23 19:48:00
"<a href=""CME0114/CME.html"" target=""_blank"" >0114</a>",2025/03/23 17:00,02,100,006,0494,0034,0452,0548,,2025-03-23 17:00:00
"<a href=""CME0113/CME.html"" target=""_blank"" >0113</a>",2025/03/23 13:25,00,093,008,0409,0022,0390,0446,,2025-03-23 13:25:00
"<a href=""CME0112/CME.html"" target=""_blank"" >0112</a>",2025/03/23 12:48,01,108,014,0637,0041,0578,0679,,2025-03-23 12:48:00
"<a href=""CME0111/CME.html"" target=""_blank"" >0111</a>",2025/03/23 11:12,01,301,008,0391,0084,0322,0534,,2025-03-23 11:12:00
"<a href=""CME0110/CME.html"" target=""_blank"" >0110</a>",2025/03/23 09:12,01,168,006,0735,0038,0679,0771,,2025-03-23 09:12:00
"<a href=""CME0109/CME.html"" target=""_blank"" >0109</a>",2025/03/23 08:24,00,256,010,0278,0042,0216,0347,,2025-03-23 08:24:00
"<a href=""CME0108/CME.html"" target=""_blank"" >0108</a>",2025/03/23 08:00,03,063,040,0456,0103,0256,0694,,2025-03-23 08:00:00
"<a href=""CME0107/CME.html"" target=""_blank"" >0107</a>",2025/03/23 07:24,01,260,010,0681,0346,0434,1358,,2025-03-23 07:24:00
"<a href=""CME0106/CME.html"" target=""_blank"" >0106</a>",2025/03/23 06:24,01,047,020,0405,0095,0301,0625,,2025-03-23 06:24:00
"<a href=""CME0105/CME.html"" target=""_blank"" >0105</a>",2025/03/23 03:12,02,304,014,0473,0172,0213,0600,,2025-03-23 03:12:00
"<a href=""CME0104/CME.html"" target=""_blank"" >0104</a>",2025/03/22 22:24,02,301,008,0243,0019,0212,0262,,2025-03-22 22:24:00
"<a href=""CME0103/CME.html"" target=""_blank"" >0103</a>",2025/03/22 16:36,01,347,016,0553,0058,0496,0694,,2025-03-22 16:36:00
"<a href=""CME0102/CME.html"" target=""_blank"" >0102</a>",2025/03/22 16:36,01,170,046,1690,0289,0919,1953,,2025-03-22 16:36:00
"<a href=""CME0101/CME.html"" target=""_blank"" >0101</a>",2025/03/22 16:24,01,073,028,0976,0569,0529,1953,,2025-03-22 16:24:00
"<a href=""CME0100/CME.html"" target=""_blank"" >0100</a>",2025/03/22 16:24,04,271,128,0868,0696,0183,1953,II,2025-03-22 16:24:00
"<a href=""CME0099/CME.html"" target=""_blank"" >0099</a>",2025/03/22 16:00,00,122,038,1116,0198,0892,1736,,2025-03-22 16:00:00
"<a href=""CME0098/CME.html"" target=""_blank"" >0098</a>",2025/03/22 13:48,02,027,056,0408,0101,0217,0651,,2025-03-22 13:48:00
"<a href=""CME0097/CME.html"" target=""_blank"" >0097</a>",2025/03/22 12:48,03,312,030,0249,0165,0147,0664,,2025-03-22 12:48:00
"<a href=""CME0096/CME.html"" target=""_blank"" >0096</a>",2025/03/22 12:00,01,117,012,0744,0203,0589,1116,,2025-03-22 12:00:00
"<a href=""CME0095/CME.html"" target=""_blank"" >0095</a>",2025/03/22 07:48,01,045,052,0405,0153,0202,0694,,2025-03-22 07:48:00
"<a href=""CME0094/CME.html"" target=""_blank"" >0094</a>",2025/03/22 07:36,01,050,010,0480,0064,0376,0568,,2025-03-22 07:36:00
"<a href=""CME0093/CME.html"" target=""_blank"" >0093</a>",2025/03/21 16:24,02,247,012,0163,0044,0100,0229,,2025-03-21 16:24:00
"<a href=""CME0092/CME.html"" target=""_blank"" >0092</a>",2025/03/21 16:24,01,244,058,0258,0058,0165,0395,,2025-03-21 16:24:00
"<a href=""CME0091/CME.html"" target=""_blank"" >0091</a>",2025/03/21 15:48,01,126,030,1077,0319,0892,1644,,2025-03-21 15:48:00
"<a href=""CME0090/CME.html"" target=""_blank"" >0090</a>",2025/03/21 08:36,02,023,044,0317,0079,0173,0428,,2025-03-21 08:36:00
"<a href=""CME0089/CME.html"" target=""_blank"" >0089</a>",2025/03/20 17:12,01,259,048,0844,0116,0710,1116,,2025-03-20 17:12:00
"<a href=""CME0088/CME.html"" target=""_blank"" >0088</a>",2025/03/20 02:12,02,242,010,0283,0013,0279,0310,,2025-03-20 02:12:00
"<a href=""CME0087/CME.html"" target=""_blank"" >0087</a>",2025/03/20 00:12,02,251,024,0312,0056,0196,0378,,2025-03-20 00:12:00
"<a href=""CME0086/CME.html"" target=""_blank"" >0086</a>",2025/03/19 23:36,02,275,072,0892,0561,0367,1953,,2025-03-19 23:36:00
"<a href=""CME0085/CME.html"" target=""_blank"" >0085</a>",2025/03/19 23:24,00,191,008,0728,0062,0625,0781,,2025-03-19 23:24:00
"<a href=""CME0084/CME.html"" target=""_blank"" >0084</a>",2025/03/19 17:12,01,278,006,0415,0109,0332,0612,,2025-03-19 17:12:00
"<a href=""CME0083/CME.html"" target=""_blank"" >0083</a>",2025/03/19 16:00,01,163,008,1562,0263,1358,1953,,2025-03-19 16:00:00
"<a href=""CME0082/CME.html"" target=""_blank"" >0082</a>",2025/03/19 11:00,00,129,008,0216,0019,0189,0244,,2025-03-19 11:00:00
"<a href=""CME0081/CME.html"" target=""_blank"" >0081</a>",2025/03/19 08:12,03,079,032,0264,0115,0150,0466,,2025-03-19 08:12:00
"<a href=""CME0080/CME.html"" target=""_blank"" >0080</a>",2025/03/19 08:12,05,183,152,1349,0607,0351,2016,II,2025-03-19 08:12:00
"<a href=""CME0079/CME.html"" target=""_blank"" >0079</a>",2025/03/19 07:24,03,284,038,0452,0087,0284,0651,,2025-03-19 07:24:00
"<a href=""CME0078/CME.html"" target=""_blank"" >0078</a>",2025/03/19 05:24,01,305,008,0390,0133,0195,0480,,2025-03-19 05:24:00
"<a href=""CME0077/CME.html"" target=""_blank"" >0077</a>",2025/03/19 05:12,13,014,126,0264,0141,0114,0702,II,2025-03-19 05:12:00
"<a href=""CME0076/CME.html"" target=""_blank"" >0076</a>",2025/03/18 16:09,02,066,018,0344,0126,0119,0518,,2025-03-18 16:09:00
"<a href=""CME0075/CME.html"" target=""_blank"" >0075</a>",2025/03/18 08:48,01,098,006,0356,0436,0274,1225,,2025-03-18 08:48:00
"<a href=""CME0074/CME.html"" target=""_blank"" >0074</a>",2025/03/18 07:48,02,110,038,0781,0324,0243,1327,,2025-03-18 07:48:00
"<a href=""CME0073/CME.html"" target=""_blank"" >0073</a>",2025/03/17 20:00,02,010,034,0155,0011,0132,0174,,2025-03-17 20:00:00
"<a href=""CME0072/CME.html"" target=""_blank"" >0072</a>",2025/03/17 20:00,02,018,058,0318,0125,0146,0694,,2025-03-17 20:00:00
"<a href=""CME0071/CME.html"" target=""_blank"" >0071</a>",2025/03/17 12:00,03,103,016,0437,0397,0137,1201,,2025-03-17 12:00:00
"<a href=""CME0070/CME.html"" target=""_blank"" >0070</a>",2025/03/17 11:12,01,279,060,0234,0019,0205,0292,,2025-03-17 11:12:00
"<a href=""CME0069/CME.html"" target=""_blank"" >0069</a>",2025/03/16 21:24,01,108,010,0293,0051,0240,0372,,2025-03-16 21:24:00
"<a href=""CME0068/CME.html"" target=""_blank"" >0068</a>",2025/03/16 21:12,02,300,050,0258,0042,0178,0315,,2025-03-16 21:12:00
"<a href=""CME0067/CME.html"" target=""_blank"" >0067</a>",2025/03/16 21:00,02,013,052,0326,0014,0292,0355,,2025-03-16 21:00:00
"<a href=""CME0066/CME.html"" target=""_blank"" >0066</a>",2025/03/16 10:48,01,323,016,0234,0019,0205,0258,,2025-03-16 10:48:00
"<a href=""CME0065/CME.html"" target=""_blank"" >0065</a>",2025/03/16 04:12,01,109,028,0209,0074,0159,0372,,2025-03-16 04:12:00
"<a href=""CME0064/CME.html"" target=""_blank"" >0064</a>",2025/03/16 02:24,01,050,006,1080,0368,0610,1488,,2025-03-16 02:24:00
"<a href=""CME0063/CME.html"" target=""_blank"" >0063</a>",2025/03/16 01:36,00,053,012,0320,0095,0172,0488,,2025-03-16 01:36:00
"<a href=""CME0062/CME.html"" target=""_blank"" >0062</a>",2025/03/16 01:25,01,192,006,1183,0560,0590,1957,,2025-03-16 01:25:00
"<a href=""CME0061/CME.html"" target=""_blank"" >0061</a>",2025/03/15 23:36,03,244,042,0812,0524,0452,1893,,2025-03-15 23:36:00
"<a href=""CME0060/CME.html"" target=""_blank"" >0060</a>",2025/03/15 19:12,01,051,008,1200,0409,0612,1736,,2025-03-15 19:12:00
"<a href=""CME0059/CME.html"" target=""_blank"" >0059</a>",2025/03/15 15:48,01,303,008,1096,0512,0946,1953,,2025-03-15 15:48:00
"<a href=""CME0058/CME.html"" target=""_blank"" >0058</a>",2025/03/15 11:00,01,258,006,0436,0175,0307,0762,,2025-03-15 11:00:00
"<a href=""CME0057/CME.html"" target=""_blank"" >0057</a>",2025/03/15 05:12,03,223,092,0905,0344,0449,1644,II,2025-03-15 05:12:00
"<a href=""CME0056/CME.html"" target=""_blank"" >0056</a>",2025/03/15 01:25,01,048,006,0367,0218,0123,0665,,2025-03-15 01:25:00
"<a href=""CME0055/CME.html"" target=""_blank"" >0055</a>",2025/03/14 12:48,01,198,006,0634,0304,0592,1238,,2025-03-14 12:48:00
"<a href=""CME0054/CME.html"" target=""_blank"" >0054</a>",2025/03/14 03:04,01,210,006,0779,0206,0595,1117,,2025-03-14 03:04:00
"<a href=""CME0053/CME.html"" target=""_blank"" >0053</a>",2025/03/14 01:40,01,053,024,0758,0194,0471,1096,,2025-03-14 01:40:00
"<a href=""CME0052/CME.html"" target=""_blank"" >0052</a>",2025/03/13 16:48,01,024,018,0554,0097,0395,0671,,2025-03-13 16:48:00
"<a href=""CME0051/CME.html"" target=""_blank"" >0051</a>",2025/03/13 09:48,01,220,006,0252,0092,0159,0393,,2025-03-13 09:48:00
"<a href=""CME0050/CME.html"" target=""_blank"" >0050</a>",2025/03/13 01:48,02,200,018,1953,0223,1562,2016,,2025-03-13 01:48:00
"<a href=""CME0049/CME.html"" target=""_blank"" >0049</a>",2025/03/11 23:24,01,040,010,0726,0086,0651,0892,,2025-03-11 23:24:00
"<a href=""CME0048/CME.html"" target=""_blank"" >0048</a>",2025/03/11 21:36,01,310,014,0261,0112,0160,0520,,2025-03-11 21:36:00
"<a href=""CME0047/CME.html"" target=""_blank"" >0047</a>",2025/03/11 19:00,01,013,012,0254,0135,0184,0512,,2025-03-11 19:00:00
"<a href=""CME0046/CME.html"" target=""_blank"" >0046</a>",2025/03/11 17:00,01,041,012,0664,0186,0332,0961,,2025-03-11 17:00:00
"<a href=""CME0045/CME.html"" target=""_blank"" >0045</a>",2025/03/11 16:48,01,045,008,0556,0356,0529,1159,,2025-03-11 16:48:00
"<a href=""CME0044/CME.html"" target=""_blank"" >0044</a>",2025/03/10 10:00,02,233,016,0388,0039,0315,0440,,2025-03-10 10:00:00
"<a href=""CME0043/CME.html"" target=""_blank"" >0043</a>",2025/03/10 08:36,01,192,014,0446,0033,0372,0466,,2025-03-10 08:36:00
"<a href=""CME0042/CME.html"" target=""_blank"" >0042</a>",2025/03/10 04:12,02,194,014,1473,0505,0753,1953,,2025-03-10 04:12:00
"<a href=""CME0041/CME.html"" target=""_blank"" >0041</a>",2025/03/09 12:48,01,031,012,0689,0147,0499,0892,,2025-03-09 12:48:00
"<a href=""CME0040/CME.html"" target=""_blank"" >0040</a>",2025/03/08 22:24,02,067,028,0538,0260,0252,1116,,2025-03-08 22:24:00
"<a href=""CME0039/CME.html"" target=""_blank"" >0039</a>",2025/03/08 09:36,02,327,044,0244,0025,0231,0317,,2025-03-08 09:36:00
"<a href=""CME0038/CME.html"" target=""_blank"" >0038</a>",2025/03/08 09:36,01,180,006,0429,0047,0372,0496,,2025-03-08 09:36:00
"<a href=""CME0037/CME.html"" target=""_blank"" >0037</a>",2025/03/08 07:24,04,223,044,0339,0105,0158,0589,,2025-03-08 07:24:00
"<a href=""CME0036/CME.html"" target=""_blank"" >0036</a>",2025/03/07 21:49,01,167,036,0461,0148,0227,0808,,2025-03-07 21:49:00
"<a href=""CME0035/CME.html"" target=""_blank"" >0035</a>",2025/03/07 19:36,06,217,060,0321,0173,0107,0744,,2025-03-07 19:36:00
"<a href=""CME0034/CME.html"" target=""_blank"" >0034</a>",2025/03/07 16:48,02,326,046,0267,0084,0148,0446,,2025-03-07 16:48:00
"<a href=""CME0033/CME.html"" target=""_blank"" >0033</a>",2025/03/07 09:48,01,251,008,0226,0018,0202,0250,,2025-03-07 09:48:00
"<a href=""CME0032/CME.html"" target=""_blank"" >0032</a>",2025/03/07 03:24,00,134,014,0467,0011,0446,0478,,2025-03-07 03:24:00
"<a href=""CME0031/CME.html"" target=""_blank"" >0031</a>",2025/03/07 01:48,01,162,010,0837,0109,0744,1041,,2025-03-07 01:48:00
"<a href=""CME0030/CME.html"" target=""_blank"" >0030</a>",2025/03/07 01:24,02,184,074,0416,0096,0214,0644,,2025-03-07 01:24:00
"<a href=""CME0029/CME.html"" target=""_blank"" >0029</a>",2025/03/06 05:48,01,170,022,0223,0047,0166,0322,,2025-03-06 05:48:00
"<a href=""CME0028/CME.html"" target=""_blank"" >0028</a>",2025/03/05 18:12,01,341,032,0361,0103,0250,0625,,2025-03-05 18:12:00
"<a href=""CME0027/CME.html"" target=""_blank"" >0027</a>",2025/03/05 12:36,01,162,026,0285,0098,0168,0538,,2025-03-05 12:36:00
"<a href=""CME0026/CME.html"" target=""_blank"" >0026</a>",2025/03/05 11:12,01,345,016,0473,0115,0258,0548,,2025-03-05 11:12:00
"<a href=""CME0025/CME.html"" target=""_blank"" >0025</a>",2025/03/05 05:24,03,130,022,0416,0145,0279,0744,,2025-03-05 05:24:00
"<a href=""CME0024/CME.html"" target=""_blank"" >0024</a>",2025/03/05 03:12,02,085,032,0613,0168,0289,0919,,2025-03-05 03:12:00
"<a href=""CME0023/CME.html"" target=""_blank"" >0023</a>",2025/03/04 23:24,01,306,006,1953,0125,1736,1953,,2025-03-04 23:24:00
"<a href=""CME0022/CME.html"" target=""_blank"" >0022</a>",2025/03/04 21:25,01,280,034,1477,0503,0596,1874,,2025-03-04 21:25:00
"<a href=""CME0021/CME.html"" target=""_blank"" >0021</a>",2025/03/04 18:24,01,238,010,1117,0219,0694,1275,,2025-03-04 18:24:00
"<a href=""CME0020/CME.html"" target=""_blank"" >0020</a>",2025/03/04 18:24,01,159,008,0281,0114,0128,0473,,2025-03-04 18:24:00
"<a href=""CME0019/CME.html"" target=""_blank"" >0019</a>",2025/03/04 12:48,00,186,006,0474,0171,0241,0721,,2025-03-04 12:48:00
"<a href=""CME0018/CME.html"" target=""_blank"" >0018</a>",2025/03/04 10:24,01,163,016,0631,0118,0477,0880,,2025-03-04 10:24:00
"<a href=""CME0017/CME.html"" target=""_blank"" >0017</a>",2025/03/04 10:00,01,249,008,0744,0145,0466,0801,,2025-03-04 10:00:00
"<a href=""CME0016/CME.html"" target=""_blank"" >0016</a>",2025/03/04 03:36,01,163,016,1179,0221,0932,1602,,2025-03-04 03:36:00
"<a href=""CME0015/CME.html"" target=""_blank"" >0015</a>",2025/03/04 03:36,02,177,060,0563,0438,0144,1838,,2025-03-04 03:36:00
"<a href=""CME0014/CME.html"" target=""_blank"" >0014</a>",2025/03/04 01:00,01,134,014,0771,0143,0637,1008,,2025-03-04 01:00:00
"<a href=""CME0013/CME.html"" target=""_blank"" >0013</a>",2025/03/03 19:24,01,298,006,1099,0455,0452,1736,,2025-03-03 19:24:00
"<a href=""CME0012/CME.html"" target=""_blank"" >0012</a>",2025/03/03 17:24,02,159,024,0844,0349,0170,0976,,2025-03-03 17:24:00
"<a href=""CME0011/CME.html"" target=""_blank"" >0011</a>",2025/03/03 12:00,01,172,014,0560,0146,0385,0868,,2025-03-03 12:00:00
"<a href=""CME0010/CME.html"" target=""_blank"" >0010</a>",2025/03/03 09:24,03,055,028,0324,0080,0173,0473,,2025-03-03 09:24:00
"<a href=""CME0009/CME.html"" target=""_blank"" >0009</a>",2025/03/03 01:00,00,231,012,0460,0128,0351,0694,,2025-03-03 01:00:00
"<a href=""CME0008/CME.html"" target=""_blank"" >0008</a>",2025/03/02 12:12,02,190,046,0410,0737,0126,1952,,2025-03-02 12:12:00
"<a href=""CME0007/CME.html"" target=""_blank"" >0007</a>",2025/03/02 10:48,01,057,008,0192,0039,0120,0214,,2025-03-02 10:48:00
"<a href=""CME0006/CME.html"" target=""_blank"" >0006</a>",2025/03/02 10:00,02,326,094,0437,0028,0388,0499,II,2025-03-02 10:00:00
"<a href=""CME0005/CME.html"" target=""_blank"" >0005</a>",2025/03/02 09:48,00,116,018,0875,0134,0744,1116,,2025-03-02 09:48:00
"<a href=""CME0004/CME.html"" target=""_blank"" >0004</a>",2025/03/02 03:48,01,115,016,0976,0170,0694,1201,,2025-03-02 03:48:00
"<a href=""CME0003/CME.html"" target=""_blank"" >0003</a>",2025/03/02 01:24,01,111,008,0801,0012,0801,0822,,2025-03-02 01:24:00
"<a href=""CME0002/CME.html"" target=""_blank"" >0002</a>",2025/03/01 23:24,02,160,070,0612,0561,0125,1953,,2025-03-01 23:24:00
"<a href=""CME0001/CME.html"" target=""_blank"" >0001</a>",2025/03/01 18:12,04,154,086,0400,0072,0224,0529,,2025-03-01 18:12:00
"<a href=""Flow0023/CME.html"" target=""_blank"" >0023</a>",2025/03/30 15:00,01,309,012,0234,0053,0148,0256,,2025-03-30 15:00:00
"<a href=""Flow0022/CME.html"" target=""_blank"" >0022</a>",2025/03/28 23:48,00,074,010,0344,0087,0224,0422,,2025-03-28 23:48:00
"<a href=""Flow0021/CME.html"" target=""_blank"" >0021</a>",2025/03/28 08:12,02,212,014,0109,0006,0106,0124,,2025-03-28 08:12:00
"<a href=""Flow0020/CME.html"" target=""_blank"" >0020</a>",2025/03/28 05:49,02,222,010,0174,0009,0164,0190,,2025-03-28 05:49:00
"<a href=""Flow0019/CME.html"" target=""_blank"" >0019</a>",2025/03/25 11:24,00,261,008,0133,0000,0133,0133,,2025-03-25 11:24:00
"<a href=""Flow0018/CME.html"" target=""_blank"" >0018</a>",2025/03/23 10:24,01,085,008,0520,0000,0520,0520,,2025-03-23 10:24:00
"<a href=""Flow0017/CME.html"" target=""_blank"" >0017</a>",2025/03/22 21:48,04,247,012,0098,0042,0097,0182,,2025-03-22 21:48:00
"<a href=""Flow0016/CME.html"" target=""_blank"" >0016</a>",2025/03/22 08:48,02,313,020,0449,0142,0223,0762,,2025-03-22 08:48:00
"<a href=""Flow0015/CME.html"" target=""_blank"" >0015</a>",2025/03/21 12:36,02,028,006,0126,0000,0126,0126,,2025-03-21 12:36:00
"<a href=""Flow0014/CME.html"" target=""_blank"" >0014</a>",2025/03/20 04:24,01,263,032,0208,0040,0122,0226,,2025-03-20 04:24:00
"<a href=""Flow0013/CME.html"" target=""_blank"" >0013</a>",2025/03/20 03:36,01,277,012,0341,0112,0218,0538,,2025-03-20 03:36:00
"<a href=""Flow0012/CME.html"" target=""_blank"" >0012</a>",2025/03/19 21:36,01,126,030,1953,0000,1953,1953,,2025-03-19 21:36:00
"<a href=""Flow0011/CME.html"" target=""_blank"" >0011</a>",2025/03/19 17:00,01,355,012,0458,0141,0303,0710,,2025-03-19 17:00:00
"<a href=""Flow0010/CME.html"" target=""_blank"" >0010</a>",2025/03/18 02:36,01,006,014,0260,0023,0224,0286,,2025-03-18 02:36:00
"<a href=""Flow0009/CME.html"" target=""_blank"" >0009</a>",2025/03/17 07:12,01,021,032,0176,0025,0128,0212,,2025-03-17 07:12:00
"<a href=""Flow0008/CME.html"" target=""_blank"" >0008</a>",2025/03/17 05:42,01,012,006,0134,0006,0124,0143,,2025-03-17 05:42:00
"<a href=""Flow0007/CME.html"" target=""_blank"" >0007</a>",2025/03/17 01:36,05,022,042,0114,0007,0103,0130,,2025-03-17 01:36:00
"<a href=""Flow0006/CME.html"" target=""_blank"" >0006</a>",2025/03/12 06:36,01,042,018,0474,0000,0474,0474,,2025-03-12 06:36:00
"<a href=""Flow0005/CME.html"" target=""_blank"" >0005</a>",2025/03/02 16:00,01,007,012,0184,0000,0184,0184,,2025-03-02 16:00:00
"<a href=""Flow0004/CME.html"" target=""_blank"" >0004</a>",2025/03/02 14:00,01,175,016,0411,0108,0248,0568,,2025-03-02 14:00:00
"<a href=""Flow0003/CME.html"" target=""_blank"" >0003</a>",2025/03/02 03:36,02,172,014,0286,0072,0195,0422,,2025-03-02 03:36:00
"<a href=""Flow0002/CME.html"" target=""_blank"" >0002</a>",2025/03/02 03:12,01,151,008,0236,0032,0181,0268,,2025-03-02 03:12:00
"<a href=""Flow0001/CME.html"" target=""_blank"" >0001</a>",2025/03/01 10:36,00,207,008,0169,0035,0136,0231,,2025-03-01 10:36:00
"<a href=""CME0167/CME.html"" target=""_blank"" >0167</a>",2025/04/30 04:36,01,195,012,0336,0124,0325,0558,,2025-04-30 04:36:00
"<a href=""CME0166/CME.html"" target=""_blank"" >0166</a>",2025/04/30 03:12,01,036,006,0363,0178,0148,0588,,2025-04-30 03:12:00
"<a href=""CME0165/CME.html"" target=""_blank"" >0165</a>",2025/04/30 00:24,01,254,006,0961,0448,0548,1644,,2025-04-30 00:24:00
"<a href=""CME0164/CME.html"" target=""_blank"" >0164</a>",2025/04/30 00:24,04,040,026,0500,0194,0306,1008,,2025-04-30 00:24:00
"<a href=""CME0163/CME.html"" target=""_blank"" >0163</a>",2025/04/29 23:36,03,223,036,1202,0448,0411,1953,,2025-04-29 23:36:00
"<a href=""CME0162/CME.html"" target=""_blank"" >0162</a>",2025/04/29 11:36,01,034,006,0317,0009,0303,0325,,2025-04-29 11:36:00
"<a href=""CME0161/CME.html"" target=""_blank"" >0161</a>",2025/04/29 06:24,01,278,006,0332,0019,0300,0343,,2025-04-29 06:24:00
"<a href=""CME0160/CME.html"" target=""_blank"" >0160</a>",2025/04/29 06:00,01,286,014,0558,0096,0504,0781,,2025-04-29 06:00:00
"<a href=""CME0159/CME.html"" target=""_blank"" >0159</a>",2025/04/28 23:12,00,351,020,0262,0026,0200,0294,,2025-04-28 23:12:00
"<a href=""CME0158/CME.html"" target=""_blank"" >0158</a>",2025/04/28 12:00,06,336,062,0153,0037,0098,0232,,2025-04-28 12:00:00
"<a href=""CME0157/CME.html"" target=""_blank"" >0157</a>",2025/04/28 08:12,02,190,022,0330,0217,0098,0892,,2025-04-28 08:12:00
"<a href=""CME0156/CME.html"" target=""_blank"" >0156</a>",2025/04/28 00:00,01,056,010,0279,0029,0231,0303,,2025-04-28 00:00:00
"<a href=""CME0155/CME.html"" target=""_blank"" >0155</a>",2025/04/27 16:48,01,086,010,0628,0363,0303,1302,,2025-04-27 16:48:00
"<a href=""CME0154/CME.html"" target=""_blank"" >0154</a>",2025/04/26 18:36,02,212,018,0608,0273,0150,1041,,2025-04-26 18:36:00
"<a href=""CME0153/CME.html"" target=""_blank"" >0153</a>",2025/04/26 13:48,03,032,018,0128,0076,0100,0325,,2025-04-26 13:48:00
"<a href=""CME0152/CME.html"" target=""_blank"" >0152</a>",2025/04/26 08:00,02,104,010,0781,0104,0600,0919,,2025-04-26 08:00:00
"<a href=""CME0151/CME.html"" target=""_blank"" >0151</a>",2025/04/26 07:36,01,093,012,0600,0121,0376,0744,,2025-04-26 07:36:00
"<a href=""CME0150/CME.html"" target=""_blank"" >0150</a>",2025/04/26 07:24,02,259,064,0419,0113,0292,0664,,2025-04-26 07:24:00
"<a href=""CME0149/CME.html"" target=""_blank"" >0149</a>",2025/04/24 14:00,01,191,012,0989,0544,0624,1953,,2025-04-24 14:00:00
"<a href=""CME0148/CME.html"" target=""_blank"" >0148</a>",2025/04/24 13:36,01,091,012,0664,0333,0276,1250,,2025-04-24 13:36:00
"<a href=""CME0147/CME.html"" target=""_blank"" >0147</a>",2025/04/24 12:48,01,099,008,0756,0074,0665,0868,,2025-04-24 12:48:00
"<a href=""CME0146/CME.html"" target=""_blank"" >0146</a>",2025/04/24 09:24,01,282,006,0428,0071,0347,0520,,2025-04-24 09:24:00
"<a href=""CME0145/CME.html"" target=""_blank"" >0145</a>",2025/04/24 06:36,02,269,036,0589,0561,0204,1953,,2025-04-24 06:36:00
"<a href=""CME0144/CME.html"" target=""_blank"" >0144</a>",2025/04/24 06:12,02,328,022,0483,0058,0390,0589,,2025-04-24 06:12:00
"<a href=""CME0143/CME.html"" target=""_blank"" >0143</a>",2025/04/24 06:12,03,302,070,0496,0161,0178,0781,,2025-04-24 06:12:00
"<a href=""CME0142/CME.html"" target=""_blank"" >0142</a>",2025/04/24 04:12,02,088,014,0463,0302,0347,1201,,2025-04-24 04:12:00
"<a href=""CME0141/CME.html"" target=""_blank"" >0141</a>",2025/04/24 00:36,01,294,006,0109,0058,0099,0225,,2025-04-24 00:36:00
"<a href=""CME0140/CME.html"" target=""_blank"" >0140</a>",2025/04/24 00:12,02,104,018,0556,0202,0285,0951,,2025-04-24 00:12:00
"<a href=""CME0139/CME.html"" target=""_blank"" >0139</a>",2025/04/23 17:12,01,231,012,0192,0029,0161,0240,,2025-04-23 17:12:00
"<a href=""CME0138/CME.html"" target=""_blank"" >0138</a>",2025/04/23 12:00,01,088,010,0635,0092,0466,0696,,2025-04-23 12:00:00
"<a href=""CME0137/CME.html"" target=""_blank"" >0137</a>",2025/04/23 11:12,01,279,008,0466,0256,0157,0833,,2025-04-23 11:12:00
"<a href=""CME0136/CME.html"" target=""_blank"" >0136</a>",2025/04/23 11:00,03,196,014,0323,0210,0155,0784,,2025-04-23 11:00:00
"<a href=""CME0135/CME.html"" target=""_blank"" >0135</a>",2025/04/23 10:36,02,273,012,0201,0626,0099,1488,,2025-04-23 10:36:00
"<a href=""CME0134/CME.html"" target=""_blank"" >0134</a>",2025/04/23 09:24,02,101,008,0361,0086,0218,0452,,2025-04-23 09:24:00
"<a href=""CME0133/CME.html"" target=""_blank"" >0133</a>",2025/04/23 07:48,05,230,082,0268,0062,0145,0398,,2025-04-23 07:48:00
"<a href=""CME0132/CME.html"" target=""_blank"" >0132</a>",2025/04/23 05:12,01,094,006,0579,0031,0538,0624,,2025-04-23 05:12:00
"<a href=""CME0131/CME.html"" target=""_blank"" >0131</a>",2025/04/23 05:12,01,266,006,0285,0102,0178,0440,,2025-04-23 05:12:00
"<a href=""CME0130/CME.html"" target=""_blank"" >0130</a>",2025/04/22 22:36,01,094,006,0541,0085,0488,0694,,2025-04-22 22:36:00
"<a href=""CME0129/CME.html"" target=""_blank"" >0129</a>",2025/04/22 22:00,01,047,016,0250,0006,0241,0260,,2025-04-22 22:00:00
"<a href=""CME0128/CME.html"" target=""_blank"" >0128</a>",2025/04/22 19:12,01,038,038,0447,0142,0200,0651,,2025-04-22 19:12:00
"<a href=""CME0127/CME.html"" target=""_blank"" >0127</a>",2025/04/22 17:36,01,028,038,0198,0027,0131,0220,,2025-04-22 17:36:00
"<a href=""CME0126/CME.html"" target=""_blank"" >0126</a>",2025/04/22 16:48,02,345,016,0403,0167,0281,0811,,2025-04-22 16:48:00
"<a href=""CME0125/CME.html"" target=""_blank"" >0125</a>",2025/04/22 12:48,01,287,024,0277,0680,0201,1644,,2025-04-22 12:48:00
"<a href=""CME0124/CME.html"" target=""_blank"" >0124</a>",2025/04/22 10:24,03,268,070,0606,0319,0306,1488,,2025-04-22 10:24:00
"<a href=""CME0123/CME.html"" target=""_blank"" >0123</a>",2025/04/22 10:12,04,054,050,0244,0089,0164,0462,,2025-04-22 10:12:00
"<a href=""CME0122/CME.html"" target=""_blank"" >0122</a>",2025/04/22 09:36,01,189,008,1077,0499,0512,1953,,2025-04-22 09:36:00
"<a href=""CME0121/CME.html"" target=""_blank"" >0121</a>",2025/04/22 08:36,02,180,042,1179,0124,0892,1388,,2025-04-22 08:36:00
"<a href=""CME0120/CME.html"" target=""_blank"" >0120</a>",2025/04/22 04:24,01,110,010,0825,0275,0395,1157,,2025-04-22 04:24:00
"<a href=""CME0119/CME.html"" target=""_blank"" >0119</a>",2025/04/22 01:36,01,116,014,0289,0059,0211,0385,,2025-04-22 01:36:00
"<a href=""CME0118/CME.html"" target=""_blank"" >0118</a>",2025/04/21 23:24,01,339,008,0224,0057,0127,0248,,2025-04-21 23:24:00
"<a href=""CME0117/CME.html"" target=""_blank"" >0117</a>",2025/04/21 23:24,03,327,024,0260,0034,0197,0282,,2025-04-21 23:24:00
"<a href=""CME0116/CME.html"" target=""_blank"" >0116</a>",2025/04/21 21:36,02,262,010,0257,0044,0173,0300,,2025-04-21 21:36:00
"<a href=""CME0115/CME.html"" target=""_blank"" >0115</a>",2025/04/21 14:51,03,264,034,0341,0093,0178,0508,,2025-04-21 14:51:00
"<a href=""CME0114/CME.html"" target=""_blank"" >0114</a>",2025/04/21 10:24,01,261,028,0367,0048,0284,0459,,2025-04-21 10:24:00
"<a href=""CME0113/CME.html"" target=""_blank"" >0113</a>",2025/04/20 21:48,04,287,096,0242,0049,0150,0357,II,2025-04-20 21:48:00
"<a href=""CME0112/CME.html"" target=""_blank"" >0112</a>",2025/04/20 10:48,02,134,046,0256,0098,0217,0600,,2025-04-20 10:48:00
"<a href=""CME0111/CME.html"" target=""_blank"" >0111</a>",2025/04/20 09:36,01,122,022,0238,0036,0179,0312,,2025-04-20 09:36:00
"<a href=""CME0110/CME.html"" target=""_blank"" >0110</a>",2025/04/20 07:12,01,121,008,0180,0023,0150,0217,,2025-04-20 07:12:00
"<a href=""CME0109/CME.html"" target=""_blank"" >0109</a>",2025/04/20 05:12,01,278,006,0309,0065,0218,0376,,2025-04-20 05:12:00
"<a href=""CME0108/CME.html"" target=""_blank"" >0108</a>",2025/04/19 17:00,02,174,042,0328,0343,0206,1157,,2025-04-19 17:00:00
"<a href=""CME0107/CME.html"" target=""_blank"" >0107</a>",2025/04/19 15:24,01,336,010,0309,0182,0244,0702,,2025-04-19 15:24:00
"<a href=""CME0106/CME.html"" target=""_blank"" >0106</a>",2025/04/19 14:24,01,095,008,0393,0052,0303,0443,,2025-04-19 14:24:00
"<a href=""CME0105/CME.html"" target=""_blank"" >0105</a>",2025/04/19 00:00,01,175,012,0844,0246,0336,1077,,2025-04-19 00:00:00
"<a href=""CME0104/CME.html"" target=""_blank"" >0104</a>",2025/04/19 00:00,02,158,098,0512,0174,0218,0801,II,2025-04-19 00:00:00
"<a href=""CME0103/CME.html"" target=""_blank"" >0103</a>",2025/04/18 19:36,02,153,036,0286,0110,0158,0558,,2025-04-18 19:36:00
"<a href=""CME0102/CME.html"" target=""_blank"" >0102</a>",2025/04/17 21:36,01,163,020,0200,0142,0114,0473,,2025-04-17 21:36:00
"<a href=""CME0101/CME.html"" target=""_blank"" >0101</a>",2025/04/17 15:12,00,035,012,0536,0068,0496,0672,,2025-04-17 15:12:00
"<a href=""CME0100/CME.html"" target=""_blank"" >0100</a>",2025/04/17 05:00,01,286,010,0200,0042,0126,0255,,2025-04-17 05:00:00
"<a href=""CME0099/CME.html"" target=""_blank"" >0099</a>",2025/04/17 04:12,01,158,022,0230,0028,0173,0255,,2025-04-17 04:12:00
"<a href=""CME0098/CME.html"" target=""_blank"" >0098</a>",2025/04/17 00:48,02,273,028,0456,0141,0248,0735,,2025-04-17 00:48:00
"<a href=""CME0097/CME.html"" target=""_blank"" >0097</a>",2025/04/16 04:36,01,305,008,0245,0027,0191,0259,,2025-04-16 04:36:00
"<a href=""CME0096/CME.html"" target=""_blank"" >0096</a>",2025/04/15 23:48,03,093,024,0574,0094,0428,0735,,2025-04-15 23:48:00
"<a href=""CME0095/CME.html"" target=""_blank"" >0095</a>",2025/04/15 19:24,01,100,006,0528,0223,0428,0957,,2025-04-15 19:24:00
"<a href=""CME0094/CME.html"" target=""_blank"" >0094</a>",2025/04/15 15:48,02,183,012,0217,0083,0146,0381,,2025-04-15 15:48:00
"<a href=""CME0093/CME.html"" target=""_blank"" >0093</a>",2025/04/15 14:48,04,089,036,0679,0185,0422,1041,,2025-04-15 14:48:00
"<a href=""CME0092/CME.html"" target=""_blank"" >0092</a>",2025/04/15 13:36,01,079,008,1430,0288,1250,1953,,2025-04-15 13:36:00
"<a href=""CME0091/CME.html"" target=""_blank"" >0091</a>",2025/04/15 02:36,01,073,012,1358,0319,0919,1953,,2025-04-15 02:36:00
"<a href=""CME0090/CME.html"" target=""_blank"" >0090</a>",2025/04/15 01:25,02,257,016,1008,0603,0512,1953,,2025-04-15 01:25:00
"<a href=""CME0089/CME.html"" target=""_blank"" >0089</a>",2025/04/14 22:36,03,170,038,0357,0184,0123,0781,,2025-04-14 22:36:00
"<a href=""CME0088/CME.html"" target=""_blank"" >0088</a>",2025/04/14 22:24,02,217,020,0835,0123,0694,1116,,2025-04-14 22:24:00
"<a href=""CME0087/CME.html"" target=""_blank"" >0087</a>",2025/04/14 18:36,02,091,028,0584,0307,0260,1249,,2025-04-14 18:36:00
"<a href=""CME0086/CME.html"" target=""_blank"" >0086</a>",2025/04/14 16:48,02,082,014,1368,0363,0801,2016,,2025-04-14 16:48:00
"<a href=""CME0085/CME.html"" target=""_blank"" >0085</a>",2025/04/14 15:12,02,129,012,1139,0181,1041,1488,,2025-04-14 15:12:00
"<a href=""CME0084/CME.html"" target=""_blank"" >0084</a>",2025/04/14 15:00,02,190,034,0735,0465,0104,1838,,2025-04-14 15:00:00
"<a href=""CME0083/CME.html"" target=""_blank"" >0083</a>",2025/04/14 13:48,00,330,014,0639,0239,0280,0976,,2025-04-14 13:48:00
"<a href=""CME0082/CME.html"" target=""_blank"" >0082</a>",2025/04/14 07:00,02,125,008,1689,0737,0538,1953,,2025-04-14 07:00:00
"<a href=""CME0081/CME.html"" target=""_blank"" >0081</a>",2025/04/14 03:24,01,196,006,1953,0178,1644,1953,,2025-04-14 03:24:00
"<a href=""CME0080/CME.html"" target=""_blank"" >0080</a>",2025/04/13 19:36,01,110,006,0723,0154,0637,1008,,2025-04-13 19:36:00
"<a href=""CME0079/CME.html"" target=""_blank"" >0079</a>",2025/04/13 17:48,01,039,020,0440,0632,0233,1953,,2025-04-13 17:48:00
"<a href=""CME0078/CME.html"" target=""_blank"" >0078</a>",2025/04/13 14:36,02,183,012,0312,0140,0159,0600,,2025-04-13 14:36:00
"<a href=""CME0077/CME.html"" target=""_blank"" >0077</a>",2025/04/13 11:48,01,304,010,0192,0024,0159,0229,,2025-04-13 11:48:00
"<a href=""CME0076/CME.html"" target=""_blank"" >0076</a>",2025/04/13 07:00,06,175,228,0416,0098,0150,0637,III,2025-04-13 07:00:00
"<a href=""CME0075/CME.html"" target=""_blank"" >0075</a>",2025/04/12 23:36,04,146,094,0258,0020,0221,0303,II,2025-04-12 23:36:00
"<a href=""CME0074/CME.html"" target=""_blank"" >0074</a>",2025/04/12 17:00,01,186,022,0403,0408,0232,1485,,2025-04-12 17:00:00
"<a href=""CME0073/CME.html"" target=""_blank"" >0073</a>",2025/04/12 16:24,02,202,066,0365,0168,0157,0868,,2025-04-12 16:24:00
"<a href=""CME0072/CME.html"" target=""_blank"" >0072</a>",2025/04/12 11:00,01,200,042,0416,0084,0244,0558,,2025-04-12 11:00:00
"<a href=""CME0071/CME.html"" target=""_blank"" >0071</a>",2025/04/12 08:48,01,272,014,0127,0015,0109,0154,,2025-04-12 08:48:00
"<a href=""CME0070/CME.html"" target=""_blank"" >0070</a>",2025/04/12 07:36,02,203,028,0300,0090,0187,0492,,2025-04-12 07:36:00
"<a href=""CME0069/CME.html"" target=""_blank"" >0069</a>",2025/04/12 03:36,03,203,032,0372,0139,0174,0679,,2025-04-12 03:36:00
"<a href=""CME0068/CME.html"" target=""_blank"" >0068</a>",2025/04/12 01:48,06,303,076,0143,0056,0107,0355,,2025-04-12 01:48:00
"<a href=""CME0067/CME.html"" target=""_blank"" >0067</a>",2025/04/11 23:12,02,195,052,0261,0088,0173,0520,,2025-04-11 23:12:00
"<a href=""CME0066/CME.html"" target=""_blank"" >0066</a>",2025/04/11 23:00,02,198,010,0784,0616,0286,1644,,2025-04-11 23:00:00
"<a href=""CME0065/CME.html"" target=""_blank"" >0065</a>",2025/04/11 21:48,02,043,056,0694,0301,0339,1562,,2025-04-11 21:48:00
"<a href=""CME0064/CME.html"" target=""_blank"" >0064</a>",2025/04/11 18:36,04,200,010,0425,0012,0405,0434,,2025-04-11 18:36:00
"<a href=""CME0063/CME.html"" target=""_blank"" >0063</a>",2025/04/11 18:12,02,322,042,0186,0062,0106,0325,,2025-04-11 18:12:00
"<a href=""CME0062/CME.html"" target=""_blank"" >0062</a>",2025/04/11 12:00,01,253,016,1041,0498,0332,1854,,2025-04-11 12:00:00
"<a href=""CME0061/CME.html"" target=""_blank"" >0061</a>",2025/04/10 21:36,01,207,008,0701,0219,0359,0889,,2025-04-10 21:36:00
"<a href=""CME0060/CME.html"" target=""_blank"" >0060</a>",2025/04/10 21:24,01,246,006,0294,0082,0214,0416,,2025-04-10 21:24:00
"<a href=""CME0059/CME.html"" target=""_blank"" >0059</a>",2025/04/10 20:48,02,072,010,0172,0103,0140,0400,,2025-04-10 20:48:00
"<a href=""CME0058/CME.html"" target=""_blank"" >0058</a>",2025/04/10 20:48,01,272,010,0796,0197,0359,0886,,2025-04-10 20:48:00
"<a href=""CME0057/CME.html"" target=""_blank"" >0057</a>",2025/04/10 15:36,05,041,080,0228,0084,0114,0400,,2025-04-10 15:36:00
"<a href=""CME0056/CME.html"" target=""_blank"" >0056</a>",2025/04/09 23:24,01,230,010,0871,0481,0255,1488,,2025-04-09 23:24:00
"<a href=""CME0055/CME.html"" target=""_blank"" >0055</a>",2025/04/09 23:24,01,083,028,0272,0055,0176,0390,,2025-04-09 23:24:00
"<a href=""CME0054/CME.html"" target=""_blank"" >0054</a>",2025/04/09 21:12,01,357,016,0264,0032,0201,0309,,2025-04-09 21:12:00
"<a href=""CME0053/CME.html"" target=""_blank"" >0053</a>",2025/04/09 10:36,01,161,012,0292,0157,0124,0568,,2025-04-09 10:36:00
"<a href=""CME0052/CME.html"" target=""_blank"" >0052</a>",2025/04/09 05:36,01,024,038,0447,0413,0281,1420,,2025-04-09 05:36:00
"<a href=""CME0051/CME.html"" target=""_blank"" >0051</a>",2025/04/08 23:48,01,215,012,0315,0584,0181,1488,,2025-04-08 23:48:00
"<a href=""CME0050/CME.html"" target=""_blank"" >0050</a>",2025/04/08 20:24,02,047,052,0323,0100,0191,0538,,2025-04-08 20:24:00
"<a href=""CME0049/CME.html"" target=""_blank"" >0049</a>",2025/04/08 15:12,01,067,012,0459,0087,0425,0651,,2025-04-08 15:12:00
"<a href=""CME0048/CME.html"" target=""_blank"" >0048</a>",2025/04/08 10:00,01,242,014,0443,0051,0343,0504,,2025-04-08 10:00:00
"<a href=""CME0047/CME.html"" target=""_blank"" >0047</a>",2025/04/08 07:48,02,079,020,0868,0145,0589,1008,,2025-04-08 07:48:00
"<a href=""CME0046/CME.html"" target=""_blank"" >0046</a>",2025/04/08 06:36,01,031,036,0536,0186,0315,1041,,2025-04-08 06:36:00
"<a href=""CME0045/CME.html"" target=""_blank"" >0045</a>",2025/04/08 05:48,02,097,084,1096,0407,0284,1736,,2025-04-08 05:48:00
"<a href=""CME0044/CME.html"" target=""_blank"" >0044</a>",2025/04/07 23:48,01,032,018,0330,0696,0178,1838,,2025-04-07 23:48:00
"<a href=""CME0043/CME.html"" target=""_blank"" >0043</a>",2025/04/07 23:36,01,029,024,0254,0120,0106,0400,,2025-04-07 23:36:00
"<a href=""CME0042/CME.html"" target=""_blank"" >0042</a>",2025/04/07 18:48,02,037,008,0279,0020,0249,0306,,2025-04-07 18:48:00
"<a href=""CME0041/CME.html"" target=""_blank"" >0041</a>",2025/04/07 16:24,01,041,020,0245,0111,0162,0434,,2025-04-07 16:24:00
"<a href=""CME0040/CME.html"" target=""_blank"" >0040</a>",2025/04/07 12:36,01,076,006,0768,0383,0452,1420,,2025-04-07 12:36:00
"<a href=""CME0039/CME.html"" target=""_blank"" >0039</a>",2025/04/07 11:48,03,070,030,0481,0095,0312,0686,,2025-04-07 11:48:00
"<a href=""CME0038/CME.html"" target=""_blank"" >0038</a>",2025/04/07 11:00,01,068,014,0383,0109,0220,0512,,2025-04-07 11:00:00
"<a href=""CME0037/CME.html"" target=""_blank"" >0037</a>",2025/04/07 05:12,01,085,008,0578,0217,0201,0718,,2025-04-07 05:12:00
"<a href=""CME0036/CME.html"" target=""_blank"" >0036</a>",2025/04/07 04:24,02,208,034,0325,0332,0203,1249,,2025-04-07 04:24:00
"<a href=""CME0035/CME.html"" target=""_blank"" >0035</a>",2025/04/07 00:36,02,066,010,0497,0158,0280,0710,,2025-04-07 00:36:00
"<a href=""CME0034/CME.html"" target=""_blank"" >0034</a>",2025/04/06 23:00,01,233,008,1488,0614,0422,1953,,2025-04-06 23:00:00
"<a href=""CME0033/CME.html"" target=""_blank"" >0033</a>",2025/04/06 21:24,02,071,016,0532,0063,0466,0651,,2025-04-06 21:24:00
"<a href=""CME0032/CME.html"" target=""_blank"" >0032</a>",2025/04/06 19:48,01,210,010,1005,0459,0672,1838,,2025-04-06 19:48:00
"<a href=""CME0031/CME.html"" target=""_blank"" >0031</a>",2025/04/06 18:48,02,059,024,0644,0203,0309,1057,,2025-04-06 18:48:00
"<a href=""CME0030/CME.html"" target=""_blank"" >0030</a>",2025/04/06 06:48,01,337,016,0286,0098,0112,0425,,2025-04-06 06:48:00
"<a href=""CME0029/CME.html"" target=""_blank"" >0029</a>",2025/04/06 05:36,00,108,006,0644,0609,0204,1602,,2025-04-06 05:36:00
"<a href=""CME0028/CME.html"" target=""_blank"" >0028</a>",2025/04/06 03:48,01,103,008,0548,0074,0422,0578,,2025-04-06 03:48:00
"<a href=""CME0027/CME.html"" target=""_blank"" >0027</a>",2025/04/06 03:36,04,018,054,0589,0181,0214,0801,,2025-04-06 03:36:00
"<a href=""CME0026/CME.html"" target=""_blank"" >0026</a>",2025/04/06 02:12,01,048,006,0320,0025,0279,0349,,2025-04-06 02:12:00
"<a href=""CME0025/CME.html"" target=""_blank"" >0025</a>",2025/04/05 19:12,02,059,008,0343,0090,0318,0512,,2025-04-05 19:12:00
"<a href=""CME0024/CME.html"" target=""_blank"" >0024</a>",2025/04/05 16:12,02,239,016,0844,0302,0286,1041,,2025-04-05 16:12:00
"<a href=""CME0023/CME.html"" target=""_blank"" >0023</a>",2025/04/05 14:48,01,189,012,0624,0520,0309,1736,,2025-04-05 14:48:00
"<a href=""CME0022/CME.html"" target=""_blank"" >0022</a>",2025/04/05 14:48,01,201,008,0341,0094,0188,0428,,2025-04-05 14:48:00
"<a href=""CME0021/CME.html"" target=""_blank"" >0021</a>",2025/04/05 11:48,03,018,050,0206,0034,0132,0264,,2025-04-05 11:48:00
"<a href=""CME0020/CME.html"" target=""_blank"" >0020</a>",2025/04/05 11:00,01,121,020,0250,0145,0104,0496,,2025-04-05 11:00:00
"<a href=""CME0019/CME.html"" target=""_blank"" >0019</a>",2025/04/05 07:24,01,236,026,1225,0578,0376,2016,,2025-04-05 07:24:00
"<a href=""CME0018/CME.html"" target=""_blank"" >0018</a>",2025/04/05 04:24,09,072,166,0325,0098,0107,0466,II,2025-04-05 04:24:00
"<a href=""CME0017/CME.html"" target=""_blank"" >0017</a>",2025/04/05 00:36,02,259,020,0578,0211,0359,1083,,2025-04-05 00:36:00
"<a href=""CME0016/CME.html"" target=""_blank"" >0016</a>",2025/04/04 17:36,01,251,008,0561,0034,0538,0624,,2025-04-04 17:36:00
"<a href=""CME0015/CME.html"" target=""_blank"" >0015</a>",2025/04/04 16:36,03,325,084,0477,0612,0206,1953,,2025-04-04 16:36:00
"<a href=""CME0014/CME.html"" target=""_blank"" >0014</a>",2025/04/04 15:12,01,201,028,0520,0210,0286,0919,,2025-04-04 15:12:00
"<a href=""CME0013/CME.html"" target=""_blank"" >0013</a>",2025/04/03 20:36,02,271,012,0625,0095,0520,0814,,2025-04-03 20:36:00
"<a href=""CME0012/CME.html"" target=""_blank"" >0012</a>",2025/04/03 19:24,01,161,008,0503,0092,0413,0664,,2025-04-03 19:24:00
"<a href=""CME0011/CME.html"" target=""_blank"" >0011</a>",2025/04/03 17:48,02,117,012,0433,0128,0252,0612,,2025-04-03 17:48:00
"<a href=""CME0010/CME.html"" target=""_blank"" >0010</a>",2025/04/03 17:48,02,086,062,0801,0362,0196,1562,,2025-04-03 17:48:00
"<a href=""CME0009/CME.html"" target=""_blank"" >0009</a>",2025/04/03 16:24,02,261,016,0781,0075,0686,0919,,2025-04-03 16:24:00
"<a href=""CME0008/CME.html"" target=""_blank"" >0008</a>",2025/04/03 11:24,01,259,012,0710,0176,0558,1059,,2025-04-03 11:24:00
"<a href=""CME0007/CME.html"" target=""_blank"" >0007</a>",2025/04/03 10:48,01,260,010,0363,0106,0262,0558,,2025-04-03 10:48:00
"<a href=""CME0006/CME.html"" target=""_blank"" >0006</a>",2025/04/02 18:00,01,090,018,0292,0174,0129,0600,,2025-04-02 18:00:00
"<a href=""CME0005/CME.html"" target=""_blank"" >0005</a>",2025/04/02 09:24,01,035,016,0422,0120,0264,0651,,2025-04-02 09:24:00
"<a href=""CME0004/CME.html"" target=""_blank"" >0004</a>",2025/04/02 03:24,02,107,008,0334,0027,0284,0359,,2025-04-02 03:24:00
"<a href=""CME0003/CME.html"" target=""_blank"" >0003</a>",2025/04/01 19:36,02,164,014,0753,0592,0242,1735,,2025-04-01 19:36:00
"<a href=""CME0002/CME.html"" target=""_blank"" >0002</a>",2025/04/01 18:24,03,095,068,0488,0191,0188,0864,,2025-04-01 18:24:00
"<a href=""CME0001/CME.html"" target=""_blank"" >0001</a>",2025/04/01 15:24,01,073,012,0512,0039,0452,0568,,2025-04-01 15:24:00
"<a href=""Flow0032/CME.html"" target=""_blank"" >0032</a>",2025/04/30 00:24,00,126,030,1644,0000,1644,1644,,2025-04-30 00:24:00
"<a href=""Flow0031/CME.html"" target=""_blank"" >0031</a>",2025/04/29 03:24,00,344,018,0273,0106,0092,0314,,2025-04-29 03:24:00
"<a href=""Flow0030/CME.html"" target=""_blank"" >0030</a>",2025/04/26 07:06,04,346,050,0102,0003,0099,0111,,2025-04-26 07:06:00
"<a href=""Flow0029/CME.html"" target=""_blank"" >0029</a>",2025/04/24 09:48,01,316,006,0188,0058,0129,0256,,2025-04-24 09:48:00
"<a href=""Flow0028/CME.html"" target=""_blank"" >0028</a>",2025/04/24 02:24,02,291,008,0103,0007,0100,0117,,2025-04-24 02:24:00
"<a href=""Flow0027/CME.html"" target=""_blank"" >0027</a>",2025/04/23 12:36,02,233,020,0193,0106,0106,0428,,2025-04-23 12:36:00
"<a href=""Flow0026/CME.html"" target=""_blank"" >0026</a>",2025/04/22 16:36,03,033,044,0378,0105,0175,0558,,2025-04-22 16:36:00
"<a href=""Flow0025/CME.html"" target=""_blank"" >0025</a>",2025/04/22 16:24,02,293,012,0294,0007,0284,0303,,2025-04-22 16:24:00
"<a href=""Flow0024/CME.html"" target=""_blank"" >0024</a>",2025/04/22 07:12,02,110,014,0267,0117,0103,0529,,2025-04-22 07:12:00
"<a href=""Flow0023/CME.html"" target=""_blank"" >0023</a>",2025/04/21 16:36,02,262,006,0212,0765,0100,1736,,2025-04-21 16:36:00
"<a href=""Flow0022/CME.html"" target=""_blank"" >0022</a>",2025/04/15 19:00,02,076,026,1077,0494,0294,1953,,2025-04-15 19:00:00
"<a href=""Flow0021/CME.html"" target=""_blank"" >0021</a>",2025/04/14 16:48,02,171,040,0249,0071,0103,0411,,2025-04-14 16:48:00
"<a href=""Flow0020/CME.html"" target=""_blank"" >0020</a>",2025/04/14 05:00,01,279,008,0127,0048,0104,0221,,2025-04-14 05:00:00
"<a href=""Flow0019/CME.html"" target=""_blank"" >0019</a>",2025/04/12 21:24,02,194,006,0274,0000,0274,0274,,2025-04-12 21:24:00
"<a href=""Flow0018/CME.html"" target=""_blank"" >0018</a>",2025/04/12 19:12,01,117,012,0138,0000,0138,0138,,2025-04-12 19:12:00
"<a href=""Flow0017/CME.html"" target=""_blank"" >0017</a>",2025/04/12 12:12,03,200,034,0217,0099,0108,0480,,2025-04-12 12:12:00
"<a href=""Flow0016/CME.html"" target=""_blank"" >0016</a>",2025/04/12 05:48,01,201,032,0459,0102,0312,0651,,2025-04-12 05:48:00
"<a href=""Flow0015/CME.html"" target=""_blank"" >0015</a>",2025/04/12 04:36,03,259,024,0129,0036,0107,0229,,2025-04-12 04:36:00
"<a href=""Flow0014/CME.html"" target=""_blank"" >0014</a>",2025/04/11 19:12,02,200,006,0191,0215,0108,0612,,2025-04-11 19:12:00
"<a href=""Flow0013/CME.html"" target=""_blank"" >0013</a>",2025/04/11 16:48,00,023,008,0473,0227,0221,0822,,2025-04-11 16:48:00
"<a href=""Flow0012/CME.html"" target=""_blank"" >0012</a>",2025/04/11 07:36,01,027,008,0300,0130,0231,0538,,2025-04-11 07:36:00
"<a href=""Flow0011/CME.html"" target=""_blank"" >0011</a>",2025/04/11 03:24,02,206,006,0341,0254,0164,0790,,2025-04-11 03:24:00
"<a href=""Flow0010/CME.html"" target=""_blank"" >0010</a>",2025/04/10 12:36,01,053,016,0112,0006,0103,0120,,2025-04-10 12:36:00
"<a href=""Flow0009/CME.html"" target=""_blank"" >0009</a>",2025/04/07 06:48,00,035,008,0214,0000,0214,0214,,2025-04-07 06:48:00
"<a href=""Flow0008/CME.html"" target=""_blank"" >0008</a>",2025/04/06 05:48,01,115,016,0248,0000,0248,0248,,2025-04-06 05:48:00
"<a href=""Flow0007/CME.html"" target=""_blank"" >0007</a>",2025/04/05 21:24,01,104,006,0244,0040,0199,0312,,2025-04-05 21:24:00
"<a href=""Flow0006/CME.html"" target=""_blank"" >0006</a>",2025/04/05 15:36,02,117,020,0179,0131,0140,0459,,2025-04-05 15:36:00
"<a href=""Flow0005/CME.html"" target=""_blank"" >0005</a>",2025/04/05 11:36,02,119,020,0191,0053,0105,0271,,2025-04-05 11:36:00
"<a href=""Flow0004/CME.html"" target=""_blank"" >0004</a>",2025/04/05 07:36,01,074,010,0192,0016,0182,0224,,2025-04-05 07:36:00
"<a href=""Flow0003/CME.html"" target=""_blank"" >0003</a>",2025/04/05 03:36,01,014,010,0172,0028,0140,0213,,2025-04-05 03:36:00
"<a href=""Flow0002/CME.html"" target=""_blank"" >0002</a>",2025/04/03 17:48,01,254,006,0585,0076,0500,0694,,2025-04-03 17:48:00
"<a href=""Flow0001/CME.html"" target=""_blank"" >0001</a>",2025/04/01 22:24,01,106,010,0406,0130,0152,0496,,2025-04-01 22:24:00
"<a href=""CME0164/CME.html"" target=""_blank"" >0164</a>",2025/05/31 21:36,01,084,022,0224,0015,0194,0244,,2025-05-31 21:36:00
"<a href=""CME0163/CME.html"" target=""_blank"" >0163</a>",2025/05/31 11:12,00,099,012,1488,0043,1420,1488,,2025-05-31 11:12:00
"<a href=""CME0162/CME.html"" target=""_blank"" >0162</a>",2025/05/31 03:24,00,080,014,0488,0075,0405,0600,,2025-05-31 03:24:00
"<a href=""CME0161/CME.html"" target=""_blank"" >0161</a>",2025/05/31 03:12,01,074,022,0345,0038,0274,0422,,2025-05-31 03:12:00
"<a href=""CME0160/CME.html"" target=""_blank"" >0160</a>",2025/05/31 01:36,01,005,012,1207,0283,0892,1654,,2025-05-31 01:36:00
"<a href=""CME0159/CME.html"" target=""_blank"" >0159</a>",2025/05/31 00:36,01,167,012,0416,0520,0192,1644,,2025-05-31 00:36:00
"<a href=""CME0158/CME.html"" target=""_blank"" >0158</a>",2025/05/31 00:12,01,064,010,0367,0328,0147,0961,,2025-05-31 00:12:00
"<a href=""CME0157/CME.html"" target=""_blank"" >0157</a>",2025/05/31 00:12,01,102,018,0801,0285,0234,1041,,2025-05-31 00:12:00
"<a href=""CME0156/CME.html"" target=""_blank"" >0156</a>",2025/05/31 00:12,00,045,016,0947,0022,0919,0992,,2025-05-31 00:12:00
"<a href=""CME0155/CME.html"" target=""_blank"" >0155</a>",2025/05/31 00:12,01,340,086,0919,0384,0256,1524,,2025-05-31 00:12:00
"<a href=""CME0154/CME.html"" target=""_blank"" >0154</a>",2025/05/31 00:00,01,326,030,0349,0737,0124,1953,,2025-05-31 00:00:00
"<a href=""CME0153/CME.html"" target=""_blank"" >0153</a>",2025/05/30 23:48,05,188,230,0822,0647,0206,1967,III,2025-05-30 23:48:00
"<a href=""CME0152/CME.html"" target=""_blank"" >0152</a>",2025/05/30 15:00,03,026,010,0172,0033,0119,0212,,2025-05-30 15:00:00
"<a href=""CME0151/CME.html"" target=""_blank"" >0151</a>",2025/05/30 11:36,01,053,028,0308,0107,0111,0411,,2025-05-30 11:36:00
"<a href=""CME0150/CME.html"" target=""_blank"" >0150</a>",2025/05/30 10:36,01,261,012,0467,0076,0347,0578,,2025-05-30 10:36:00
"<a href=""CME0149/CME.html"" target=""_blank"" >0149</a>",2025/05/30 07:48,01,280,014,0663,0222,0378,1179,,2025-05-30 07:48:00
"<a href=""CME0148/CME.html"" target=""_blank"" >0148</a>",2025/05/30 07:12,08,107,132,0197,0133,0100,0568,II,2025-05-30 07:12:00
"<a href=""CME0147/CME.html"" target=""_blank"" >0147</a>",2025/05/30 05:00,01,302,018,0147,0162,0103,0505,,2025-05-30 05:00:00
"<a href=""CME0146/CME.html"" target=""_blank"" >0146</a>",2025/05/30 00:12,01,312,046,0351,0078,0233,0477,,2025-05-30 00:12:00
"<a href=""CME0145/CME.html"" target=""_blank"" >0145</a>",2025/05/30 00:00,02,310,014,1136,0237,0589,1257,,2025-05-30 00:00:00
"<a href=""CME0144/CME.html"" target=""_blank"" >0144</a>",2025/05/28 07:00,03,278,022,1041,0544,0244,1562,,2025-05-28 07:00:00
"<a href=""CME0143/CME.html"" target=""_blank"" >0143</a>",2025/05/28 01:36,04,284,054,1225,0501,0341,2016,,2025-05-28 01:36:00
"<a href=""CME0142/CME.html"" target=""_blank"" >0142</a>",2025/05/27 14:00,00,222,006,0577,0269,0524,1113,,2025-05-27 14:00:00
"<a href=""CME0141/CME.html"" target=""_blank"" >0141</a>",2025/05/27 09:24,02,053,048,0263,0062,0191,0416,,2025-05-27 09:24:00
"<a href=""CME0140/CME.html"" target=""_blank"" >0140</a>",2025/05/27 09:24,02,101,016,0260,0050,0208,0343,,2025-05-27 09:24:00
"<a href=""CME0139/CME.html"" target=""_blank"" >0139</a>",2025/05/27 08:12,01,070,074,0222,0040,0146,0306,,2025-05-27 08:12:00
"<a href=""CME0138/CME.html"" target=""_blank"" >0138</a>",2025/05/26 14:12,02,088,046,0417,0134,0212,0726,,2025-05-26 14:12:00
"<a href=""CME0137/CME.html"" target=""_blank"" >0137</a>",2025/05/26 03:36,02,275,008,1736,0182,1420,1953,,2025-05-26 03:36:00
"<a href=""CME0136/CME.html"" target=""_blank"" >0136</a>",2025/05/25 17:00,03,272,030,0406,0294,0161,1041,,2025-05-25 17:00:00
"<a href=""CME0135/CME.html"" target=""_blank"" >0135</a>",2025/05/25 13:25,01,271,012,0710,0560,0347,1736,,2025-05-25 13:25:00
"<a href=""CME0134/CME.html"" target=""_blank"" >0134</a>",2025/05/25 11:24,04,269,020,0405,0722,0236,1893,,2025-05-25 11:24:00
"<a href=""CME0133/CME.html"" target=""_blank"" >0133</a>",2025/05/25 06:48,02,092,006,0278,0184,0197,0637,,2025-05-25 06:48:00
"<a href=""CME0132/CME.html"" target=""_blank"" >0132</a>",2025/05/25 05:24,02,180,006,1488,0280,1350,1953,,2025-05-25 05:24:00
"<a href=""CME0131/CME.html"" target=""_blank"" >0131</a>",2025/05/25 05:12,01,182,006,0579,0659,0178,1736,,2025-05-25 05:12:00
"<a href=""CME0130/CME.html"" target=""_blank"" >0130</a>",2025/05/25 02:24,03,269,024,0484,0157,0336,0892,,2025-05-25 02:24:00
"<a href=""CME0129/CME.html"" target=""_blank"" >0129</a>",2025/05/25 01:25,04,081,016,0154,0047,0108,0262,,2025-05-25 01:25:00
"<a href=""CME0128/CME.html"" target=""_blank"" >0128</a>",2025/05/24 20:00,01,288,006,1003,0592,0589,1952,,2025-05-24 20:00:00
"<a href=""CME0127/CME.html"" target=""_blank"" >0127</a>",2025/05/24 18:24,01,265,008,0420,0060,0355,0488,,2025-05-24 18:24:00
"<a href=""CME0126/CME.html"" target=""_blank"" >0126</a>",2025/05/24 13:36,02,265,008,0508,0299,0258,1042,,2025-05-24 13:36:00
"<a href=""CME0125/CME.html"" target=""_blank"" >0125</a>",2025/05/24 11:12,01,263,008,0395,0153,0354,0651,,2025-05-24 11:12:00
"<a href=""CME0124/CME.html"" target=""_blank"" >0124</a>",2025/05/24 08:12,01,056,022,0178,0013,0173,0205,,2025-05-24 08:12:00
"<a href=""CME0123/CME.html"" target=""_blank"" >0123</a>",2025/05/24 03:48,01,199,016,0976,0634,0512,1953,,2025-05-24 03:48:00
"<a href=""CME0122/CME.html"" target=""_blank"" >0122</a>",2025/05/23 16:36,02,208,034,0473,0241,0179,1077,,2025-05-23 16:36:00
"<a href=""CME0121/CME.html"" target=""_blank"" >0121</a>",2025/05/23 16:36,01,235,076,0419,0033,0322,0466,,2025-05-23 16:36:00
"<a href=""CME0120/CME.html"" target=""_blank"" >0120</a>",2025/05/23 16:36,00,171,012,0726,0095,0568,0811,,2025-05-23 16:36:00
"<a href=""CME0119/CME.html"" target=""_blank"" >0119</a>",2025/05/23 16:24,00,059,008,0446,0056,0405,0543,,2025-05-23 16:24:00
"<a href=""CME0118/CME.html"" target=""_blank"" >0118</a>",2025/05/23 11:12,02,074,006,0457,0280,0187,0947,,2025-05-23 11:12:00
"<a href=""CME0117/CME.html"" target=""_blank"" >0117</a>",2025/05/23 07:24,01,067,036,0433,0135,0268,0702,,2025-05-23 07:24:00
"<a href=""CME0116/CME.html"" target=""_blank"" >0116</a>",2025/05/23 02:00,03,327,008,0108,0005,0101,0115,,2025-05-23 02:00:00
"<a href=""CME0115/CME.html"" target=""_blank"" >0115</a>",2025/05/22 22:00,03,334,014,0107,0088,0099,0300,,2025-05-22 22:00:00
"<a href=""CME0114/CME.html"" target=""_blank"" >0114</a>",2025/05/22 17:36,03,060,054,0222,0313,0106,1157,,2025-05-22 17:36:00
"<a href=""CME0113/CME.html"" target=""_blank"" >0113</a>",2025/05/22 15:36,02,055,072,0401,0131,0195,0734,,2025-05-22 15:36:00
"<a href=""CME0112/CME.html"" target=""_blank"" >0112</a>",2025/05/22 15:24,08,339,032,0139,0125,0100,0440,,2025-05-22 15:24:00
"<a href=""CME0111/CME.html"" target=""_blank"" >0111</a>",2025/05/22 08:36,01,332,010,1224,0320,0589,1562,,2025-05-22 08:36:00
"<a href=""CME0110/CME.html"" target=""_blank"" >0110</a>",2025/05/22 06:36,02,351,016,0254,0022,0242,0293,,2025-05-22 06:36:00
"<a href=""CME0109/CME.html"" target=""_blank"" >0109</a>",2025/05/21 14:12,01,253,008,0204,0001,0204,0206,,2025-05-21 14:12:00
"<a href=""CME0108/CME.html"" target=""_blank"" >0108</a>",2025/05/21 13:48,02,247,064,0496,0092,0250,0625,,2025-05-21 13:48:00
"<a href=""CME0107/CME.html"" target=""_blank"" >0107</a>",2025/05/21 09:00,00,076,014,0761,0354,0309,1350,,2025-05-21 09:00:00
"<a href=""CME0106/CME.html"" target=""_blank"" >0106</a>",2025/05/20 21:12,02,089,016,0625,0192,0277,0932,,2025-05-20 21:12:00
"<a href=""CME0105/CME.html"" target=""_blank"" >0105</a>",2025/05/20 21:12,02,083,008,0359,0062,0260,0434,,2025-05-20 21:12:00
"<a href=""CME0104/CME.html"" target=""_blank"" >0104</a>",2025/05/20 18:48,02,139,028,0558,0370,0281,1488,,2025-05-20 18:48:00
"<a href=""CME0103/CME.html"" target=""_blank"" >0103</a>",2025/05/20 14:24,01,269,028,0434,0119,0220,0548,,2025-05-20 14:24:00
"<a href=""CME0102/CME.html"" target=""_blank"" >0102</a>",2025/05/20 00:24,00,088,006,0955,0286,0434,1158,,2025-05-20 00:24:00
"<a href=""CME0101/CME.html"" target=""_blank"" >0101</a>",2025/05/19 12:00,00,051,008,1157,0195,0801,1358,,2025-05-19 12:00:00
"<a href=""CME0100/CME.html"" target=""_blank"" >0100</a>",2025/05/19 09:00,01,051,008,0223,0039,0160,0258,,2025-05-19 09:00:00
"<a href=""CME0099/CME.html"" target=""_blank"" >0099</a>",2025/05/19 07:48,02,277,012,0175,0039,0126,0238,,2025-05-19 07:48:00
"<a href=""CME0098/CME.html"" target=""_blank"" >0098</a>",2025/05/18 23:36,05,328,094,0212,0034,0157,0315,II,2025-05-18 23:36:00
"<a href=""CME0097/CME.html"" target=""_blank"" >0097</a>",2025/05/18 17:36,02,280,042,0215,0030,0164,0280,,2025-05-18 17:36:00
"<a href=""CME0096/CME.html"" target=""_blank"" >0096</a>",2025/05/18 12:48,02,276,038,0218,0060,0171,0400,,2025-05-18 12:48:00
"<a href=""CME0095/CME.html"" target=""_blank"" >0095</a>",2025/05/18 08:00,00,104,006,0385,0011,0367,0395,,2025-05-18 08:00:00
"<a href=""CME0094/CME.html"" target=""_blank"" >0094</a>",2025/05/18 01:25,01,276,010,0258,0080,0202,0405,,2025-05-18 01:25:00
"<a href=""CME0093/CME.html"" target=""_blank"" >0093</a>",2025/05/16 09:12,01,097,016,0436,0148,0164,0625,,2025-05-16 09:12:00
"<a href=""CME0092/CME.html"" target=""_blank"" >0092</a>",2025/05/16 04:17,02,080,054,0649,0249,0172,0960,,2025-05-16 04:17:00
"<a href=""CME0091/CME.html"" target=""_blank"" >0091</a>",2025/05/15 15:36,02,053,012,0844,0556,0489,1838,,2025-05-15 15:36:00
"<a href=""CME0090/CME.html"" target=""_blank"" >0090</a>",2025/05/15 05:12,02,049,012,0411,0795,0339,1953,,2025-05-15 05:12:00
"<a href=""CME0089/CME.html"" target=""_blank"" >0089</a>",2025/05/15 02:12,04,166,082,0782,0585,0192,1953,,2025-05-15 02:12:00
"<a href=""CME0088/CME.html"" target=""_blank"" >0088</a>",2025/05/14 18:48,01,047,076,0466,0068,0339,0631,,2025-05-14 18:48:00
"<a href=""CME0087/CME.html"" target=""_blank"" >0087</a>",2025/05/14 18:36,01,036,010,1735,0168,1488,1953,,2025-05-14 18:36:00
"<a href=""CME0086/CME.html"" target=""_blank"" >0086</a>",2025/05/14 15:24,01,024,014,0694,0499,0262,1562,,2025-05-14 15:24:00
"<a href=""CME0085/CME.html"" target=""_blank"" >0085</a>",2025/05/14 15:12,03,282,022,0395,0118,0247,0664,,2025-05-14 15:12:00
"<a href=""CME0084/CME.html"" target=""_blank"" >0084</a>",2025/05/14 13:36,02,202,006,1838,0130,1644,1953,,2025-05-14 13:36:00
"<a href=""CME0083/CME.html"" target=""_blank"" >0083</a>",2025/05/14 13:25,02,292,010,0538,0186,0223,0710,,2025-05-14 13:25:00
"<a href=""CME0082/CME.html"" target=""_blank"" >0082</a>",2025/05/14 10:24,02,107,040,0548,0431,0221,1644,,2025-05-14 10:24:00
"<a href=""CME0081/CME.html"" target=""_blank"" >0081</a>",2025/05/14 09:36,02,254,010,0532,0463,0428,1358,,2025-05-14 09:36:00
"<a href=""CME0080/CME.html"" target=""_blank"" >0080</a>",2025/05/14 08:12,05,072,122,0664,0415,0292,1736,II,2025-05-14 08:12:00
"<a href=""CME0079/CME.html"" target=""_blank"" >0079</a>",2025/05/14 06:24,01,325,008,0452,0180,0282,0726,,2025-05-14 06:24:00
"<a href=""CME0078/CME.html"" target=""_blank"" >0078</a>",2025/05/14 06:24,01,098,006,0467,0218,0189,0726,,2025-05-14 06:24:00
"<a href=""CME0077/CME.html"" target=""_blank"" >0077</a>",2025/05/14 06:24,04,310,118,0466,0128,0204,0781,II,2025-05-14 06:24:00
"<a href=""CME0076/CME.html"" target=""_blank"" >0076</a>",2025/05/14 04:36,01,096,010,0488,0079,0347,0558,,2025-05-14 04:36:00
"<a href=""CME0075/CME.html"" target=""_blank"" >0075</a>",2025/05/14 03:24,01,065,012,0589,0296,0520,1116,,2025-05-14 03:24:00
"<a href=""CME0074/CME.html"" target=""_blank"" >0074</a>",2025/05/14 02:00,01,059,016,1041,0568,0208,1953,,2025-05-14 02:00:00
"<a href=""CME0073/CME.html"" target=""_blank"" >0073</a>",2025/05/13 18:24,01,239,012,1008,0195,0702,1157,,2025-05-13 18:24:00
"<a href=""CME0072/CME.html"" target=""_blank"" >0072</a>",2025/05/13 18:12,01,114,018,1250,0420,0781,1953,,2025-05-13 18:12:00
"<a href=""CME0071/CME.html"" target=""_blank"" >0071</a>",2025/05/13 18:12,01,335,024,1077,0634,0189,1952,,2025-05-13 18:12:00
"<a href=""CME0070/CME.html"" target=""_blank"" >0070</a>",2025/05/13 17:12,02,207,016,0391,0147,0209,0589,,2025-05-13 17:12:00
"<a href=""CME0069/CME.html"" target=""_blank"" >0069</a>",2025/05/13 16:12,01,193,008,0496,0123,0411,0744,,2025-05-13 16:12:00
"<a href=""CME0068/CME.html"" target=""_blank"" >0068</a>",2025/05/13 15:48,01,296,014,0278,0847,0148,1953,,2025-05-13 15:48:00
"<a href=""CME0067/CME.html"" target=""_blank"" >0067</a>",2025/05/13 15:48,02,275,084,0600,0136,0262,0686,,2025-05-13 15:48:00
"<a href=""CME0066/CME.html"" target=""_blank"" >0066</a>",2025/05/13 15:00,05,035,108,0256,0046,0152,0328,II,2025-05-13 15:00:00
"<a href=""CME0065/CME.html"" target=""_blank"" >0065</a>",2025/05/13 14:48,01,117,012,0898,0414,0588,1602,,2025-05-13 14:48:00
"<a href=""CME0064/CME.html"" target=""_blank"" >0064</a>",2025/05/13 09:36,01,024,038,0573,0216,0132,0868,,2025-05-13 09:36:00
"<a href=""CME0063/CME.html"" target=""_blank"" >0063</a>",2025/05/13 04:24,01,126,030,1649,0278,1157,1953,,2025-05-13 04:24:00
"<a href=""CME0062/CME.html"" target=""_blank"" >0062</a>",2025/05/13 03:48,02,224,054,1562,0367,0892,1953,,2025-05-13 03:48:00
"<a href=""CME0061/CME.html"" target=""_blank"" >0061</a>",2025/05/13 00:24,02,292,010,0214,0040,0146,0267,,2025-05-13 00:24:00
"<a href=""CME0060/CME.html"" target=""_blank"" >0060</a>",2025/05/12 23:24,10,354,138,0306,0063,0134,0440,II,2025-05-12 23:24:00
"<a href=""CME0059/CME.html"" target=""_blank"" >0059</a>",2025/05/12 23:12,01,000,030,0332,0034,0287,0395,,2025-05-12 23:12:00
"<a href=""CME0058/CME.html"" target=""_blank"" >0058</a>",2025/05/12 23:12,01,255,012,0600,0306,0504,1302,,2025-05-12 23:12:00
"<a href=""CME0057/CME.html"" target=""_blank"" >0057</a>",2025/05/12 17:00,03,197,008,0336,0193,0234,0707,,2025-05-12 17:00:00
"<a href=""CME0056/CME.html"" target=""_blank"" >0056</a>",2025/05/12 10:36,01,093,028,0243,0112,0159,0529,,2025-05-12 10:36:00
"<a href=""CME0055/CME.html"" target=""_blank"" >0055</a>",2025/05/12 10:36,02,197,012,0517,0166,0254,0801,,2025-05-12 10:36:00
"<a href=""CME0054/CME.html"" target=""_blank"" >0054</a>",2025/05/12 10:24,01,163,032,0164,0031,0116,0214,,2025-05-12 10:24:00
"<a href=""CME0053/CME.html"" target=""_blank"" >0053</a>",2025/05/12 05:48,00,065,012,0676,0440,0496,1602,,2025-05-12 05:48:00
"<a href=""CME0052/CME.html"" target=""_blank"" >0052</a>",2025/05/11 19:12,01,354,018,0231,0315,0114,0919,,2025-05-11 19:12:00
"<a href=""CME0051/CME.html"" target=""_blank"" >0051</a>",2025/05/11 15:12,05,294,022,0112,0010,0101,0135,,2025-05-11 15:12:00
"<a href=""CME0050/CME.html"" target=""_blank"" >0050</a>",2025/05/11 15:00,01,060,014,0906,0387,0694,1838,,2025-05-11 15:00:00
"<a href=""CME0049/CME.html"" target=""_blank"" >0049</a>",2025/05/11 12:00,02,298,010,0108,0005,0100,0115,,2025-05-11 12:00:00
"<a href=""CME0048/CME.html"" target=""_blank"" >0048</a>",2025/05/11 08:00,01,308,010,0202,0109,0146,0422,,2025-05-11 08:00:00
"<a href=""CME0047/CME.html"" target=""_blank"" >0047</a>",2025/05/11 07:24,01,041,012,0242,0041,0168,0268,,2025-05-11 07:24:00
"<a href=""CME0046/CME.html"" target=""_blank"" >0046</a>",2025/05/11 04:36,03,017,040,0257,0084,0111,0437,,2025-05-11 04:36:00
"<a href=""CME0045/CME.html"" target=""_blank"" >0045</a>",2025/05/10 23:24,02,345,008,0212,0040,0134,0220,,2025-05-10 23:24:00
"<a href=""CME0044/CME.html"" target=""_blank"" >0044</a>",2025/05/09 22:24,01,204,022,0592,0691,0121,1838,,2025-05-09 22:24:00
"<a href=""CME0043/CME.html"" target=""_blank"" >0043</a>",2025/05/09 21:00,02,215,048,1041,0528,0248,1953,,2025-05-09 21:00:00
"<a href=""CME0042/CME.html"" target=""_blank"" >0042</a>",2025/05/09 14:00,04,202,010,0284,0412,0105,1201,,2025-05-09 14:00:00
"<a href=""CME0041/CME.html"" target=""_blank"" >0041</a>",2025/05/09 12:36,01,307,008,1208,0480,0653,1854,,2025-05-09 12:36:00
"<a href=""CME0040/CME.html"" target=""_blank"" >0040</a>",2025/05/09 09:12,02,248,006,0733,0327,0548,1358,,2025-05-09 09:12:00
"<a href=""CME0039/CME.html"" target=""_blank"" >0039</a>",2025/05/09 08:48,01,227,012,0822,0275,0332,1038,,2025-05-09 08:48:00
"<a href=""CME0038/CME.html"" target=""_blank"" >0038</a>",2025/05/09 06:36,03,206,006,0198,0079,0128,0339,,2025-05-09 06:36:00
"<a href=""CME0037/CME.html"" target=""_blank"" >0037</a>",2025/05/09 05:48,03,208,006,0206,0764,0118,1733,,2025-05-09 05:48:00
"<a href=""CME0036/CME.html"" target=""_blank"" >0036</a>",2025/05/08 15:12,05,269,020,0508,0311,0339,1275,,2025-05-08 15:12:00
"<a href=""CME0035/CME.html"" target=""_blank"" >0035</a>",2025/05/08 15:12,07,221,028,0781,0494,0119,1948,,2025-05-08 15:12:00
"<a href=""CME0034/CME.html"" target=""_blank"" >0034</a>",2025/05/08 13:36,01,280,014,0590,0426,0320,1644,,2025-05-08 13:36:00
"<a href=""CME0033/CME.html"" target=""_blank"" >0033</a>",2025/05/08 10:24,03,299,060,0381,0355,0170,1302,,2025-05-08 10:24:00
"<a href=""CME0032/CME.html"" target=""_blank"" >0032</a>",2025/05/08 05:12,01,046,010,0322,0145,0126,0558,,2025-05-08 05:12:00
"<a href=""CME0031/CME.html"" target=""_blank"" >0031</a>",2025/05/08 03:24,03,292,026,0236,0809,0118,1953,,2025-05-08 03:24:00
"<a href=""CME0030/CME.html"" target=""_blank"" >0030</a>",2025/05/08 02:24,03,301,016,0679,0611,0109,1644,,2025-05-08 02:24:00
"<a href=""CME0029/CME.html"" target=""_blank"" >0029</a>",2025/05/07 16:12,01,210,026,0288,0100,0138,0480,,2025-05-07 16:12:00
"<a href=""CME0028/CME.html"" target=""_blank"" >0028</a>",2025/05/07 11:00,07,038,074,0297,0068,0143,0363,,2025-05-07 11:00:00
"<a href=""CME0027/CME.html"" target=""_blank"" >0027</a>",2025/05/07 10:36,00,122,010,0806,0208,0529,1116,,2025-05-07 10:36:00
"<a href=""CME0026/CME.html"" target=""_blank"" >0026</a>",2025/05/07 10:12,01,320,018,0568,0254,0148,0801,,2025-05-07 10:12:00
"<a href=""CME0025/CME.html"" target=""_blank"" >0025</a>",2025/05/07 09:24,01,323,032,0514,0104,0416,0762,,2025-05-07 09:24:00
"<a href=""CME0024/CME.html"" target=""_blank"" >0024</a>",2025/05/06 21:48,01,083,020,0239,0040,0171,0318,,2025-05-06 21:48:00
"<a href=""CME0023/CME.html"" target=""_blank"" >0023</a>",2025/05/06 18:24,05,341,056,0801,0542,0109,1736,,2025-05-06 18:24:00
"<a href=""CME0022/CME.html"" target=""_blank"" >0022</a>",2025/05/06 17:12,01,161,028,0731,0257,0408,1461,,2025-05-06 17:12:00
"<a href=""CME0021/CME.html"" target=""_blank"" >0021</a>",2025/05/06 12:12,02,225,024,0221,0058,0150,0372,,2025-05-06 12:12:00
"<a href=""CME0020/CME.html"" target=""_blank"" >0020</a>",2025/05/06 07:00,01,046,014,0336,0063,0262,0434,,2025-05-06 07:00:00
"<a href=""CME0019/CME.html"" target=""_blank"" >0019</a>",2025/05/06 05:36,01,316,006,0200,0045,0172,0286,,2025-05-06 05:36:00
"<a href=""CME0018/CME.html"" target=""_blank"" >0018</a>",2025/05/06 01:25,03,015,032,0446,0074,0309,0578,,2025-05-06 01:25:00
"<a href=""CME0017/CME.html"" target=""_blank"" >0017</a>",2025/05/05 15:00,03,056,046,0557,0196,0211,1041,,2025-05-05 15:00:00
"<a href=""CME0016/CME.html"" target=""_blank"" >0016</a>",2025/05/05 10:36,01,086,010,0801,0241,0473,1077,,2025-05-05 10:36:00
"<a href=""CME0015/CME.html"" target=""_blank"" >0015</a>",2025/05/05 08:36,01,108,030,0844,0553,0595,1953,,2025-05-05 08:36:00
"<a href=""CME0014/CME.html"" target=""_blank"" >0014</a>",2025/05/05 02:00,03,256,034,0214,0120,0138,0488,,2025-05-05 02:00:00
"<a href=""CME0013/CME.html"" target=""_blank"" >0013</a>",2025/05/05 00:36,02,254,066,0247,0067,0177,0440,,2025-05-05 00:36:00
"<a href=""CME0012/CME.html"" target=""_blank"" >0012</a>",2025/05/04 21:12,01,262,006,0820,0270,0480,1201,,2025-05-04 21:12:00
"<a href=""CME0011/CME.html"" target=""_blank"" >0011</a>",2025/05/04 15:24,01,252,014,1157,0345,0437,1250,,2025-05-04 15:24:00
"<a href=""CME0010/CME.html"" target=""_blank"" >0010</a>",2025/05/04 09:36,02,201,020,1644,0610,0488,1953,,2025-05-04 09:36:00
"<a href=""CME0009/CME.html"" target=""_blank"" >0009</a>",2025/05/04 09:24,01,252,006,0424,0062,0353,0488,,2025-05-04 09:24:00
"<a href=""CME0008/CME.html"" target=""_blank"" >0008</a>",2025/05/04 08:00,01,094,018,0322,0089,0279,0504,,2025-05-04 08:00:00
"<a href=""CME0007/CME.html"" target=""_blank"" >0007</a>",2025/05/03 17:36,01,245,008,0400,0649,0168,1644,,2025-05-03 17:36:00
"<a href=""CME0006/CME.html"" target=""_blank"" >0006</a>",2025/05/03 17:36,00,253,016,0465,0156,0285,0752,,2025-05-03 17:36:00
"<a href=""CME0005/CME.html"" target=""_blank"" >0005</a>",2025/05/02 09:12,02,123,012,0556,0271,0381,1116,,2025-05-02 09:12:00
"<a href=""CME0004/CME.html"" target=""_blank"" >0004</a>",2025/05/02 02:24,01,089,016,0306,0101,0235,0466,,2025-05-02 02:24:00
"<a href=""CME0003/CME.html"" target=""_blank"" >0003</a>",2025/05/01 18:24,01,092,014,0338,0084,0202,0446,,2025-05-01 18:24:00
"<a href=""CME0002/CME.html"" target=""_blank"" >0002</a>",2025/05/01 15:12,01,237,016,0180,0034,0141,0260,,2025-05-01 15:12:00
"<a href=""CME0001/CME.html"" target=""_blank"" >0001</a>",2025/05/01 09:12,01,232,014,0812,0107,0600,0919,,2025-05-01 09:12:00
"<a href=""Flow0028/CME.html"" target=""_blank"" >0028</a>",2025/05/31 16:12,00,081,008,0459,0000,0459,0459,,2025-05-31 16:12:00
"<a href=""Flow0027/CME.html"" target=""_blank"" >0027</a>",2025/05/31 08:00,01,088,010,0632,0055,0558,0726,,2025-05-31 08:00:00
"<a href=""Flow0026/CME.html"" target=""_blank"" >0026</a>",2025/05/27 14:00,02,067,008,0270,0017,0247,0297,,2025-05-27 14:00:00
"<a href=""Flow0025/CME.html"" target=""_blank"" >0025</a>",2025/05/25 21:36,03,266,022,0463,0791,0181,1736,,2025-05-25 21:36:00
"<a href=""Flow0024/CME.html"" target=""_blank"" >0024</a>",2025/05/22 03:36,01,353,008,0145,0000,0145,0145,,2025-05-22 03:36:00
"<a href=""Flow0023/CME.html"" target=""_blank"" >0023</a>",2025/05/22 01:48,02,357,008,0208,0048,0115,0247,,2025-05-22 01:48:00
"<a href=""Flow0022/CME.html"" target=""_blank"" >0022</a>",2025/05/21 22:00,02,009,020,0135,0033,0100,0210,,2025-05-21 22:00:00
"<a href=""Flow0021/CME.html"" target=""_blank"" >0021</a>",2025/05/21 16:12,02,076,310,1953,0000,1953,1953,IV,2025-05-21 16:12:00
"<a href=""Flow0020/CME.html"" target=""_blank"" >0020</a>",2025/05/19 17:00,01,065,012,0378,0106,0234,0508,,2025-05-19 17:00:00
"<a href=""Flow0019/CME.html"" target=""_blank"" >0019</a>",2025/05/19 06:00,01,339,012,0453,0052,0369,0504,,2025-05-19 06:00:00
"<a href=""Flow0018/CME.html"" target=""_blank"" >0018</a>",2025/05/19 04:12,04,296,070,0248,0067,0123,0322,,2025-05-19 04:12:00
"<a href=""Flow0017/CME.html"" target=""_blank"" >0017</a>",2025/05/14 12:48,01,110,006,0250,0117,0189,0473,,2025-05-14 12:48:00
"<a href=""Flow0016/CME.html"" target=""_blank"" >0016</a>",2025/05/14 12:24,01,041,036,0828,0283,0411,1498,,2025-05-14 12:24:00
"<a href=""Flow0015/CME.html"" target=""_blank"" >0015</a>",2025/05/13 20:24,01,277,020,0197,0156,0114,0512,,2025-05-13 20:24:00
"<a href=""Flow0014/CME.html"" target=""_blank"" >0014</a>",2025/05/13 19:24,01,048,018,0322,0166,0127,0578,,2025-05-13 19:24:00
"<a href=""Flow0013/CME.html"" target=""_blank"" >0013</a>",2025/05/13 19:12,01,008,006,0121,0041,0105,0202,,2025-05-13 19:12:00
"<a href=""Flow0012/CME.html"" target=""_blank"" >0012</a>",2025/05/13 18:54,01,270,010,0419,0049,0363,0488,,2025-05-13 18:54:00
"<a href=""Flow0011/CME.html"" target=""_blank"" >0011</a>",2025/05/11 18:24,00,346,010,0306,0040,0271,0381,,2025-05-11 18:24:00
"<a href=""Flow0010/CME.html"" target=""_blank"" >0010</a>",2025/05/08 20:12,01,262,006,0330,0000,0330,0330,,2025-05-08 20:12:00
"<a href=""Flow0009/CME.html"" target=""_blank"" >0009</a>",2025/05/08 05:12,01,214,006,0155,0053,0142,0261,,2025-05-08 05:12:00
"<a href=""Flow0008/CME.html"" target=""_blank"" >0008</a>",2025/05/08 03:12,01,046,010,0132,0017,0126,0164,,2025-05-08 03:12:00
"<a href=""Flow0007/CME.html"" target=""_blank"" >0007</a>",2025/05/08 01:54,01,029,008,0258,0012,0236,0267,,2025-05-08 01:54:00
"<a href=""Flow0006/CME.html"" target=""_blank"" >0006</a>",2025/05/07 09:36,01,011,012,0133,0019,0110,0170,,2025-05-07 09:36:00
"<a href=""Flow0005/CME.html"" target=""_blank"" >0005</a>",2025/05/07 08:24,01,014,006,0117,0028,0100,0169,,2025-05-07 08:24:00
"<a href=""Flow0004/CME.html"" target=""_blank"" >0004</a>",2025/05/06 22:36,03,331,016,0637,0367,0139,1249,,2025-05-06 22:36:00
"<a href=""Flow0003/CME.html"" target=""_blank"" >0003</a>",2025/05/06 22:00,00,332,010,0240,0037,0199,0312,,2025-05-06 22:00:00
"<a href=""Flow0002/CME.html"" target=""_blank"" >0002</a>",2025/05/05 16:00,01,030,010,0274,0038,0242,0355,,2025-05-05 16:00:00
"<a href=""Flow0001/CME.html"" target=""_blank"" >0001</a>",2025/05/04 11:24,01,108,010,0226,0008,0217,0240,,2025-05-04 11:24:00
"<a href=""CME0116/CME.html"" target=""_blank"" >0116</a>",2025/06/24 18:48,01,262,014,0781,0100,0679,0946,,2025-06-24 18:48:00
"<a href=""CME0115/CME.html"" target=""_blank"" >0115</a>",2025/06/24 16:24,01,110,026,0515,0117,0339,0679,,2025-06-24 16:24:00
"<a href=""CME0114/CME.html"" target=""_blank"" >0114</a>",2025/06/24 13:25,02,259,012,1280,0050,1225,1359,,2025-06-24 13:25:00
"<a href=""CME0113/CME.html"" target=""_blank"" >0113</a>",2025/06/24 09:00,01,259,012,0854,0087,0744,1008,,2025-06-24 09:00:00
"<a href=""CME0112/CME.html"" target=""_blank"" >0112</a>",2025/06/24 07:24,01,263,016,0919,0007,0905,0919,,2025-06-24 07:24:00
"<a href=""CME0111/CME.html"" target=""_blank"" >0111</a>",2025/06/23 08:12,01,268,010,0343,0352,0233,0947,,2025-06-23 08:12:00
"<a href=""CME0110/CME.html"" target=""_blank"" >0110</a>",2025/06/23 00:24,03,305,032,0245,0055,0175,0347,,2025-06-23 00:24:00
"<a href=""CME0109/CME.html"" target=""_blank"" >0109</a>",2025/06/22 18:00,01,263,008,0992,0115,0819,1157,,2025-06-22 18:00:00
"<a href=""CME0108/CME.html"" target=""_blank"" >0108</a>",2025/06/22 13:48,02,319,064,0373,0187,0174,0822,,2025-06-22 13:48:00
"<a href=""CME0107/CME.html"" target=""_blank"" >0107</a>",2025/06/22 12:00,01,259,008,0558,0160,0411,0844,,2025-06-22 12:00:00
"<a href=""CME0106/CME.html"" target=""_blank"" >0106</a>",2025/06/21 11:12,06,039,060,0145,0044,0100,0256,,2025-06-21 11:12:00
"<a href=""CME0105/CME.html"" target=""_blank"" >0105</a>",2025/06/20 23:48,01,358,034,0214,0066,0194,0339,,2025-06-20 23:48:00
"<a href=""CME0104/CME.html"" target=""_blank"" >0104</a>",2025/06/20 23:12,03,347,048,0221,0059,0168,0351,,2025-06-20 23:12:00
"<a href=""CME0103/CME.html"" target=""_blank"" >0103</a>",2025/06/20 17:24,03,100,050,0466,0150,0300,0868,,2025-06-20 17:24:00
"<a href=""CME0102/CME.html"" target=""_blank"" >0102</a>",2025/06/20 15:48,00,117,012,0703,0104,0548,0868,,2025-06-20 15:48:00
"<a href=""CME0101/CME.html"" target=""_blank"" >0101</a>",2025/06/20 07:36,01,062,014,0941,0327,0416,1488,,2025-06-20 07:36:00
"<a href=""CME0100/CME.html"" target=""_blank"" >0100</a>",2025/06/20 02:24,02,117,012,0800,0282,0466,1201,,2025-06-20 02:24:00
"<a href=""CME0099/CME.html"" target=""_blank"" >0099</a>",2025/06/20 01:36,05,270,026,0713,0305,0309,1488,,2025-06-20 01:36:00
"<a href=""CME0098/CME.html"" target=""_blank"" >0098</a>",2025/06/20 01:36,01,285,008,1041,0278,0529,1276,,2025-06-20 01:36:00
"<a href=""CME0097/CME.html"" target=""_blank"" >0097</a>",2025/06/20 00:00,01,346,010,0495,0212,0206,0762,,2025-06-20 00:00:00
"<a href=""CME0096/CME.html"" target=""_blank"" >0096</a>",2025/06/19 22:12,00,248,010,0568,0111,0361,0671,,2025-06-19 22:12:00
"<a href=""CME0095/CME.html"" target=""_blank"" >0095</a>",2025/06/19 21:12,02,128,022,0416,0135,0260,0672,,2025-06-19 21:12:00
"<a href=""CME0094/CME.html"" target=""_blank"" >0094</a>",2025/06/19 14:00,05,112,046,0488,0114,0293,0710,,2025-06-19 14:00:00
"<a href=""CME0093/CME.html"" target=""_blank"" >0093</a>",2025/06/19 02:36,01,235,036,0452,0059,0355,0521,,2025-06-19 02:36:00
"<a href=""CME0092/CME.html"" target=""_blank"" >0092</a>",2025/06/18 23:24,01,299,016,0422,0051,0332,0496,,2025-06-18 23:24:00
"<a href=""CME0091/CME.html"" target=""_blank"" >0091</a>",2025/06/18 19:36,01,353,008,0500,0244,0385,0976,,2025-06-18 19:36:00
"<a href=""CME0090/CME.html"" target=""_blank"" >0090</a>",2025/06/18 06:36,01,145,024,1866,0258,1250,1953,,2025-06-18 06:36:00
"<a href=""CME0089/CME.html"" target=""_blank"" >0089</a>",2025/06/18 06:36,01,010,030,1225,0708,0217,1953,,2025-06-18 06:36:00
"<a href=""CME0088/CME.html"" target=""_blank"" >0088</a>",2025/06/18 05:00,02,235,020,0469,0533,0188,1838,,2025-06-18 05:00:00
"<a href=""CME0087/CME.html"" target=""_blank"" >0087</a>",2025/06/18 05:00,03,271,128,0411,0184,0183,0892,II,2025-06-18 05:00:00
"<a href=""CME0086/CME.html"" target=""_blank"" >0086</a>",2025/06/17 23:12,02,277,068,0267,0095,0100,0473,,2025-06-17 23:12:00
"<a href=""CME0085/CME.html"" target=""_blank"" >0085</a>",2025/06/17 16:24,02,105,040,0427,0429,0180,1562,,2025-06-17 16:24:00
"<a href=""CME0084/CME.html"" target=""_blank"" >0084</a>",2025/06/17 14:24,01,268,018,0386,0078,0242,0529,,2025-06-17 14:24:00
"<a href=""CME0083/CME.html"" target=""_blank"" >0083</a>",2025/06/17 14:24,03,098,026,0257,0060,0147,0357,,2025-06-17 14:24:00
"<a href=""CME0082/CME.html"" target=""_blank"" >0082</a>",2025/06/17 09:12,03,101,052,0309,0287,0104,1008,,2025-06-17 09:12:00
"<a href=""CME0081/CME.html"" target=""_blank"" >0081</a>",2025/06/17 08:12,01,016,022,0679,0066,0589,0814,,2025-06-17 08:12:00
"<a href=""CME0080/CME.html"" target=""_blank"" >0080</a>",2025/06/17 07:00,03,094,058,0395,0589,0150,1736,,2025-06-17 07:00:00
"<a href=""CME0079/CME.html"" target=""_blank"" >0079</a>",2025/06/17 02:12,01,294,006,0959,0723,0218,1735,,2025-06-17 02:12:00
"<a href=""CME0078/CME.html"" target=""_blank"" >0078</a>",2025/06/17 00:48,05,077,128,0374,0271,0192,1116,II,2025-06-17 00:48:00
"<a href=""CME0077/CME.html"" target=""_blank"" >0077</a>",2025/06/16 19:48,01,308,010,0260,0024,0233,0302,,2025-06-16 19:48:00
"<a href=""CME0076/CME.html"" target=""_blank"" >0076</a>",2025/06/16 08:24,04,353,060,0710,0299,0113,1079,,2025-06-16 08:24:00
"<a href=""CME0075/CME.html"" target=""_blank"" >0075</a>",2025/06/16 07:24,03,316,074,0359,0078,0214,0558,,2025-06-16 07:24:00
"<a href=""CME0074/CME.html"" target=""_blank"" >0074</a>",2025/06/16 04:24,02,286,022,0150,0085,0112,0359,,2025-06-16 04:24:00
"<a href=""CME0073/CME.html"" target=""_blank"" >0073</a>",2025/06/16 04:00,01,008,006,0417,0254,0336,0919,,2025-06-16 04:00:00
"<a href=""CME0072/CME.html"" target=""_blank"" >0072</a>",2025/06/16 03:36,07,166,286,0833,0509,0170,1953,IV,2025-06-16 03:36:00
"<a href=""CME0071/CME.html"" target=""_blank"" >0071</a>",2025/06/15 19:24,06,174,282,1838,0182,1358,1953,IV,2025-06-15 19:24:00
"<a href=""CME0070/CME.html"" target=""_blank"" >0070</a>",2025/06/15 18:24,00,005,048,1024,0139,0726,1201,,2025-06-15 18:24:00
"<a href=""CME0069/CME.html"" target=""_blank"" >0069</a>",2025/06/15 17:48,01,020,006,0588,0148,0440,0822,,2025-06-15 17:48:00
"<a href=""CME0068/CME.html"" target=""_blank"" >0068</a>",2025/06/15 09:48,02,127,020,1157,0476,0538,1840,,2025-06-15 09:48:00
"<a href=""CME0067/CME.html"" target=""_blank"" >0067</a>",2025/06/15 08:48,01,322,022,0529,0122,0328,0710,,2025-06-15 08:48:00
"<a href=""CME0066/CME.html"" target=""_blank"" >0066</a>",2025/06/15 06:36,03,255,048,0140,0065,0101,0309,,2025-06-15 06:36:00
"<a href=""CME0065/CME.html"" target=""_blank"" >0065</a>",2025/06/15 06:36,02,256,082,0385,0091,0224,0625,,2025-06-15 06:36:00
"<a href=""CME0064/CME.html"" target=""_blank"" >0064</a>",2025/06/15 06:36,01,252,018,0172,0016,0142,0181,,2025-06-15 06:36:00
"<a href=""CME0063/CME.html"" target=""_blank"" >0063</a>",2025/06/15 04:24,01,002,038,0673,0212,0413,1095,,2025-06-15 04:24:00
"<a href=""CME0062/CME.html"" target=""_blank"" >0062</a>",2025/06/14 22:00,01,010,026,0488,0150,0312,0743,,2025-06-14 22:00:00
"<a href=""CME0061/CME.html"" target=""_blank"" >0061</a>",2025/06/14 15:00,01,003,016,0446,0265,0250,1008,,2025-06-14 15:00:00
"<a href=""CME0060/CME.html"" target=""_blank"" >0060</a>",2025/06/14 07:24,02,243,032,0163,0042,0123,0260,,2025-06-14 07:24:00
"<a href=""CME0059/CME.html"" target=""_blank"" >0059</a>",2025/06/14 03:24,02,240,050,0291,0039,0213,0372,,2025-06-14 03:24:00
"<a href=""CME0058/CME.html"" target=""_blank"" >0058</a>",2025/06/13 19:48,02,257,020,0844,0384,0520,1562,,2025-06-13 19:48:00
"<a href=""CME0057/CME.html"" target=""_blank"" >0057</a>",2025/06/13 16:36,02,018,022,0473,0154,0361,0844,,2025-06-13 16:36:00
"<a href=""CME0056/CME.html"" target=""_blank"" >0056</a>",2025/06/13 06:24,02,070,014,0512,0096,0400,0694,,2025-06-13 06:24:00
"<a href=""CME0055/CME.html"" target=""_blank"" >0055</a>",2025/06/13 05:24,08,315,052,0187,0089,0114,0405,,2025-06-13 05:24:00
"<a href=""CME0054/CME.html"" target=""_blank"" >0054</a>",2025/06/13 01:36,01,234,018,0242,0068,0165,0361,,2025-06-13 01:36:00
"<a href=""CME0053/CME.html"" target=""_blank"" >0053</a>",2025/06/12 19:12,10,056,046,0619,0243,0281,1040,,2025-06-12 19:12:00
"<a href=""CME0052/CME.html"" target=""_blank"" >0052</a>",2025/06/12 15:48,02,236,014,0593,0737,0188,1953,,2025-06-12 15:48:00
"<a href=""CME0051/CME.html"" target=""_blank"" >0051</a>",2025/06/12 11:36,01,262,026,0266,0028,0224,0318,,2025-06-12 11:36:00
"<a href=""CME0050/CME.html"" target=""_blank"" >0050</a>",2025/06/12 07:12,01,293,028,1183,0575,0128,1562,,2025-06-12 07:12:00
"<a href=""CME0049/CME.html"" target=""_blank"" >0049</a>",2025/06/12 07:12,03,232,038,1358,0492,0492,1644,,2025-06-12 07:12:00
"<a href=""CME0048/CME.html"" target=""_blank"" >0048</a>",2025/06/12 06:36,03,139,068,1076,0339,0462,1644,,2025-06-12 06:36:00
"<a href=""CME0047/CME.html"" target=""_blank"" >0047</a>",2025/06/12 06:24,01,355,008,0976,0425,0294,1420,,2025-06-12 06:24:00
"<a href=""CME0046/CME.html"" target=""_blank"" >0046</a>",2025/06/12 06:24,02,352,022,0710,0135,0422,0892,,2025-06-12 06:24:00
"<a href=""CME0045/CME.html"" target=""_blank"" >0045</a>",2025/06/12 05:12,01,004,010,0223,0082,0206,0395,,2025-06-12 05:12:00
"<a href=""CME0044/CME.html"" target=""_blank"" >0044</a>",2025/06/12 05:12,03,083,020,0251,0079,0159,0372,,2025-06-12 05:12:00
"<a href=""CME0043/CME.html"" target=""_blank"" >0043</a>",2025/06/12 01:36,04,247,024,0457,0074,0339,0601,,2025-06-12 01:36:00
"<a href=""CME0042/CME.html"" target=""_blank"" >0042</a>",2025/06/11 23:24,06,072,138,0135,0859,0105,1953,II,2025-06-11 23:24:00
"<a href=""CME0041/CME.html"" target=""_blank"" >0041</a>",2025/06/11 22:00,02,267,140,0844,0529,0248,1953,II,2025-06-11 22:00:00
"<a href=""CME0040/CME.html"" target=""_blank"" >0040</a>",2025/06/11 18:36,03,083,020,0844,0492,0606,1838,,2025-06-11 18:36:00
"<a href=""CME0039/CME.html"" target=""_blank"" >0039</a>",2025/06/11 18:13,02,231,040,0294,0239,0134,0822,,2025-06-11 18:13:00
"<a href=""CME0038/CME.html"" target=""_blank"" >0038</a>",2025/06/11 15:24,01,070,014,0651,0405,0260,1358,,2025-06-11 15:24:00
"<a href=""CME0037/CME.html"" target=""_blank"" >0037</a>",2025/06/11 14:24,01,059,016,1250,0389,0376,1562,,2025-06-11 14:24:00
"<a href=""CME0036/CME.html"" target=""_blank"" >0036</a>",2025/06/11 11:12,02,071,008,0222,0192,0106,0558,,2025-06-11 11:12:00
"<a href=""CME0035/CME.html"" target=""_blank"" >0035</a>",2025/06/11 06:36,02,260,030,0268,0436,0177,1358,,2025-06-11 06:36:00
"<a href=""CME0034/CME.html"" target=""_blank"" >0034</a>",2025/06/11 03:36,02,063,016,0393,0023,0351,0433,,2025-06-11 03:36:00
"<a href=""CME0033/CME.html"" target=""_blank"" >0033</a>",2025/06/11 02:24,01,263,008,0347,0030,0294,0359,,2025-06-11 02:24:00
"<a href=""CME0032/CME.html"" target=""_blank"" >0032</a>",2025/06/10 19:00,01,055,020,0942,0224,0762,1420,,2025-06-10 19:00:00
"<a href=""CME0031/CME.html"" target=""_blank"" >0031</a>",2025/06/10 18:36,02,096,010,0726,0115,0508,0844,,2025-06-10 18:36:00
"<a href=""CME0030/CME.html"" target=""_blank"" >0030</a>",2025/06/10 16:48,01,055,020,0961,0182,0657,1225,,2025-06-10 16:48:00
"<a href=""CME0029/CME.html"" target=""_blank"" >0029</a>",2025/06/10 15:12,01,047,020,1302,0325,0868,1838,,2025-06-10 15:12:00
"<a href=""CME0028/CME.html"" target=""_blank"" >0028</a>",2025/06/10 12:00,01,054,018,0967,0268,0672,1562,,2025-06-10 12:00:00
"<a href=""CME0027/CME.html"" target=""_blank"" >0027</a>",2025/06/10 04:00,09,061,076,0343,0300,0106,1202,,2025-06-10 04:00:00
"<a href=""CME0026/CME.html"" target=""_blank"" >0026</a>",2025/06/10 01:36,01,241,008,0252,0019,0229,0284,,2025-06-10 01:36:00
"<a href=""CME0025/CME.html"" target=""_blank"" >0025</a>",2025/06/09 21:00,03,060,026,0801,0142,0525,1041,,2025-06-09 21:00:00
"<a href=""CME0024/CME.html"" target=""_blank"" >0024</a>",2025/06/09 20:24,01,257,048,0315,0047,0194,0405,,2025-06-09 20:24:00
"<a href=""CME0023/CME.html"" target=""_blank"" >0023</a>",2025/06/09 20:12,02,257,020,0264,0029,0260,0336,,2025-06-09 20:12:00
"<a href=""CME0022/CME.html"" target=""_blank"" >0022</a>",2025/06/09 15:12,02,054,034,1159,0439,0244,1689,,2025-06-09 15:12:00
"<a href=""CME0021/CME.html"" target=""_blank"" >0021</a>",2025/06/09 11:00,01,055,012,1562,0382,0869,1960,,2025-06-09 11:00:00
"<a href=""CME0020/CME.html"" target=""_blank"" >0020</a>",2025/06/09 08:48,00,029,016,1294,0157,1024,1488,,2025-06-09 08:48:00
"<a href=""CME0019/CME.html"" target=""_blank"" >0019</a>",2025/06/08 22:12,03,264,038,0272,0097,0208,0543,,2025-06-08 22:12:00
"<a href=""CME0018/CME.html"" target=""_blank"" >0018</a>",2025/06/08 21:36,01,055,020,0782,0075,0664,0919,,2025-06-08 21:36:00
"<a href=""CME0017/CME.html"" target=""_blank"" >0017</a>",2025/06/08 11:36,09,107,124,0315,0359,0236,1249,II,2025-06-08 11:36:00
"<a href=""CME0016/CME.html"" target=""_blank"" >0016</a>",2025/06/08 08:00,11,276,226,0980,0522,0129,1953,III,2025-06-08 08:00:00
"<a href=""CME0015/CME.html"" target=""_blank"" >0015</a>",2025/06/08 05:36,01,077,008,0154,0013,0137,0169,,2025-06-08 05:36:00
"<a href=""CME0014/CME.html"" target=""_blank"" >0014</a>",2025/06/08 04:00,03,049,056,0149,0028,0106,0199,,2025-06-08 04:00:00
"<a href=""CME0013/CME.html"" target=""_blank"" >0013</a>",2025/06/06 11:24,01,009,016,0496,0026,0452,0525,,2025-06-06 11:24:00
"<a href=""CME0012/CME.html"" target=""_blank"" >0012</a>",2025/06/06 11:12,01,098,010,0690,0365,0363,1420,,2025-06-06 11:12:00
"<a href=""CME0011/CME.html"" target=""_blank"" >0011</a>",2025/06/06 11:12,01,066,066,0520,0167,0179,0710,,2025-06-06 11:12:00
"<a href=""CME0010/CME.html"" target=""_blank"" >0010</a>",2025/06/05 21:29,01,155,016,0883,0405,0440,1588,,2025-06-05 21:29:00
"<a href=""CME0009/CME.html"" target=""_blank"" >0009</a>",2025/06/05 08:12,03,032,046,1302,0134,1116,1524,,2025-06-05 08:12:00
"<a href=""CME0008/CME.html"" target=""_blank"" >0008</a>",2025/06/05 03:24,01,092,010,0232,0052,0176,0322,,2025-06-05 03:24:00
"<a href=""CME0007/CME.html"" target=""_blank"" >0007</a>",2025/06/04 18:48,01,054,014,0229,0073,0205,0405,,2025-06-04 18:48:00
"<a href=""CME0006/CME.html"" target=""_blank"" >0006</a>",2025/06/03 07:48,03,052,094,0182,0025,0124,0231,II,2025-06-03 07:48:00
"<a href=""CME0005/CME.html"" target=""_blank"" >0005</a>",2025/06/02 13:36,01,230,010,1133,0443,0395,1562,,2025-06-02 13:36:00
"<a href=""CME0004/CME.html"" target=""_blank"" >0004</a>",2025/06/02 13:25,07,353,056,0220,0050,0127,0328,,2025-06-02 13:25:00
"<a href=""CME0003/CME.html"" target=""_blank"" >0003</a>",2025/06/02 07:24,02,308,054,0414,0113,0152,0589,,2025-06-02 07:24:00
"<a href=""CME0002/CME.html"" target=""_blank"" >0002</a>",2025/06/01 21:24,02,084,026,0241,0066,0175,0422,,2025-06-01 21:24:00
"<a href=""CME0001/CME.html"" target=""_blank"" >0001</a>",2025/06/01 00:36,01,084,006,0187,0042,0163,0267,,2025-06-01 00:36:00
"<a href=""Flow0022/CME.html"" target=""_blank"" >0022</a>",2025/06/23 08:12,01,267,008,0801,0000,0801,0801,,2025-06-23 08:12:00
"<a href=""Flow0021/CME.html"" target=""_blank"" >0021</a>",2025/06/19 18:00,02,115,016,0310,0064,0186,0395,,2025-06-19 18:00:00
"<a href=""Flow0020/CME.html"" target=""_blank"" >0020</a>",2025/06/19 05:12,00,305,008,0254,0016,0227,0262,,2025-06-19 05:12:00
"<a href=""Flow0019/CME.html"" target=""_blank"" >0019</a>",2025/06/17 18:24,01,075,008,0226,0004,0218,0228,,2025-06-17 18:24:00
"<a href=""Flow0018/CME.html"" target=""_blank"" >0018</a>",2025/06/16 17:24,01,117,012,0197,0029,0167,0248,,2025-06-16 17:24:00
"<a href=""Flow0017/CME.html"" target=""_blank"" >0017</a>",2025/06/16 16:00,01,349,016,0239,0000,0239,0239,,2025-06-16 16:00:00
"<a href=""Flow0016/CME.html"" target=""_blank"" >0016</a>",2025/06/16 04:48,00,080,018,1644,0000,1644,1644,,2025-06-16 04:48:00
"<a href=""Flow0015/CME.html"" target=""_blank"" >0015</a>",2025/06/15 16:36,01,280,018,0124,0061,0100,0256,,2025-06-15 16:36:00
"<a href=""Flow0014/CME.html"" target=""_blank"" >0014</a>",2025/06/15 04:12,01,252,054,0246,0018,0206,0281,,2025-06-15 04:12:00
"<a href=""Flow0013/CME.html"" target=""_blank"" >0013</a>",2025/06/14 02:24,01,010,006,0241,0086,0191,0405,,2025-06-14 02:24:00
"<a href=""Flow0012/CME.html"" target=""_blank"" >0012</a>",2025/06/12 12:00,03,226,034,0398,0121,0220,0612,,2025-06-12 12:00:00
"<a href=""Flow0011/CME.html"" target=""_blank"" >0011</a>",2025/06/12 09:48,01,236,010,1323,0664,0106,1644,,2025-06-12 09:48:00
"<a href=""Flow0010/CME.html"" target=""_blank"" >0010</a>",2025/06/11 20:12,01,239,008,0176,0105,0154,0385,,2025-06-11 20:12:00
"<a href=""Flow0009/CME.html"" target=""_blank"" >0009</a>",2025/06/09 01:48,01,121,008,0175,0017,0164,0206,,2025-06-09 01:48:00
"<a href=""Flow0008/CME.html"" target=""_blank"" >0008</a>",2025/06/08 23:48,01,097,024,0241,0059,0118,0322,,2025-06-08 23:48:00
"<a href=""Flow0007/CME.html"" target=""_blank"" >0007</a>",2025/06/08 21:48,01,189,008,0149,0018,0133,0181,,2025-06-08 21:48:00
"<a href=""Flow0006/CME.html"" target=""_blank"" >0006</a>",2025/06/08 18:48,03,194,022,0284,0560,0126,1358,,2025-06-08 18:48:00
"<a href=""Flow0005/CME.html"" target=""_blank"" >0005</a>",2025/06/08 17:12,01,258,006,1953,0000,1953,1953,,2025-06-08 17:12:00
"<a href=""Flow0004/CME.html"" target=""_blank"" >0004</a>",2025/06/08 12:48,01,188,006,0372,0047,0325,0441,,2025-06-08 12:48:00
"<a href=""Flow0003/CME.html"" target=""_blank"" >0003</a>",2025/06/05 06:48,01,022,018,0411,0090,0211,0437,,2025-06-05 06:48:00
"<a href=""Flow0002/CME.html"" target=""_blank"" >0002</a>",2025/06/03 07:54,01,027,016,0167,0017,0133,0196,,2025-06-03 07:54:00
"<a href=""Flow0001/CME.html"" target=""_blank"" >0001</a>",2025/06/03 02:48,02,036,006,0113,0003,0107,0113,,2025-06-03 02:48:00
